Табельный номер,ФИО,Должность,Отдел
00001,Козлова Ирина Ефимовна,Ведущий специалист,Отдел аналитики
00002,Зиновьев Варфоломей Афанасьевич,Менеджер,Отдел разработки
00003,Морозова Алевтина Богдановна,Аналитик,Производственный отдел
00004,Селезнев Эраст Адрианович,Экономист,IT-отдел
00005,Терентьева София Николаевна,Экономист,Отдел аналитики
00006,Сафонов Клавдий Абрамович,Инженер,Финансовый отдел
00007,Галина Олеговна Александрова,Ведущий специалист,Отдел разработки
00008,Ермолай Игоревич Орлов,Заместитель директора,Производственный отдел
00009,Белов Мирон Изотович,Специалист,Юридический отдел
00010,Константинова Алина Робертовна,Секретарь,Производственный отдел
00011,Турова Марина Артемовна,Логист,Отдел аналитики
00012,Никонова Юлия Михайловна,Старший менеджер,Отдел продаж
00013,Крюкова Ангелина Аскольдовна,Менеджер,Логистика
00014,Мамонтова Кира Артемовна,Специалист,Отдел аналитики
00015,Антонина Мироновна Матвеева,Бухгалтер,Отдел закупок
00016,Михаил Владиславович Фомин,Экономист,IT-отдел
00017,Карл Артёмович Кошелев,Руководитель отдела,Отдел аналитики
00018,Лукина Зинаида Валериевна,Курьер,IT-отдел
00019,Касьян Гурьевич Зимин,Менеджер,Логистика
00020,Аполлон Давыдович Бирюков,Заместитель директора,Финансовый отдел
00021,Веселов Олег Евстигнеевич,Бухгалтер,Отдел разработки
00022,Сысоев Ферапонт Жанович,Заместитель директора,Отдел разработки
00023,Чернов Николай Фокич,Логист,Отдел аналитики
00024,Кудрявцев Иосиф Евсеевич,Экономист,Юридический отдел
00025,Наталья Харитоновна Власова,Маркетолог,IT-отдел
00026,Всеслав Яковлевич Горшков,Секретарь,Логистика
00027,Васильев Венедикт Витальевич,Аналитик,Отдел маркетинга
00028,Вишнякова Наталья Эльдаровна,Менеджер,Административный отдел
00029,Щербаков Эдуард Фролович,Старший инженер,Отдел продаж
00030,Лыткина Таисия Андреевна,Логист,Бухгалтерия
00031,Андреева Синклитикия Ивановна,Системный администратор,Логистика
00032,Лукия Вадимовна Анисимова,Аналитик,Юридический отдел
00033,Радован Ааронович Пестов,Инженер,Логистика
00034,Молчанова Иванна Сергеевна,Бухгалтер,Логистика
00035,Прасковья Борисовна Беспалова,Системный администратор,Финансовый отдел
00036,Одинцова Прасковья Юльевна,Ведущий специалист,Отдел кадров
00037,Давыдов Гостомысл Ааронович,Специалист,Производственный отдел
00038,Емельянова Акулина Вадимовна,Юрист,Бухгалтерия
00039,Ксения Егоровна Павлова,Ведущий специалист,Отдел кадров
00040,Ермаков Богдан Архипович,HR-специалист,Служба поддержки
00041,Авдеева Ангелина Тарасовна,HR-специалист,Административный отдел
00042,Василиса Руслановна Блохина,Курьер,Отдел кадров
00043,Белоусова Светлана Юльевна,Аналитик,Административный отдел
00044,Еремей Германович Кулаков,Старший менеджер,Служба поддержки
00045,Мстислав Феоктистович Мясников,Маркетолог,Отдел кадров
00046,Ковалева Зинаида Дмитриевна,Заместитель директора,Юридический отдел
00047,Лебедев Харитон Давыдович,Ведущий специалист,Бухгалтерия
00048,Иванова Анжела Аркадьевна,Юрист,Отдел разработки
00049,Лихачев Амос Игнатович,Специалист,Отдел кадров
00050,Фролов Клавдий Чеславович,Заместитель директора,Отдел закупок
00051,Титов Филимон Харламович,Программист,Отдел закупок
00052,Мухин Орест Геннадиевич,Курьер,Отдел маркетинга
00053,Прохоров Петр Ильич,HR-специалист,Отдел кадров
00054,Руслан Антипович Муравьев,Секретарь,Финансовый отдел
00055,Юдина Антонина Аркадьевна,Бухгалтер,Логистика
00056,Мартьян Борисович Крылов,Специалист,Отдел маркетинга
00057,Беляков Прохор Викентьевич,Старший менеджер,IT-отдел
00058,Клавдий Фомич Крылов,Экономист,Логистика
00059,Анжела Павловна Константинова,Программист,Финансовый отдел
00060,Таисия Болеславовна Васильева,Специалист,Бухгалтерия
00061,Потапова Агафья Богдановна,Экономист,Отдел маркетинга
00062,Жанна Викторовна Исакова,Ведущий специалист,Отдел продаж
00063,Ермил Трифонович Лихачев,Юрист,IT-отдел
00064,Щербаков Авдей Терентьевич,Аналитик,Юридический отдел
00065,Радован Ермилович Родионов,Маркетолог,Служба поддержки
00066,Гурьева Тамара Рудольфовна,HR-специалист,Производственный отдел
00067,Анисимов Ерофей Антонович,Старший инженер,Юридический отдел
00068,Потапова Анастасия Кузьминична,HR-специалист,Финансовый отдел
00069,Логинов Самсон Юлианович,HR-специалист,Служба поддержки
00070,Светлана Валериевна Павлова,Бухгалтер,Бухгалтерия
00071,Анжелика Геннадиевна Виноградова,Аналитик,Служба поддержки
00072,Муравьева Жанна Ниловна,Специалист,Отдел кадров
00073,Белозеров Филарет Денисович,Курьер,Производственный отдел
00074,Волкова Юлия Артемовна,Старший инженер,Административный отдел
00075,Фортунат Жанович Колобов,Заместитель директора,Отдел кадров
00076,Лонгин Демидович Белоусов,Экономист,Финансовый отдел
00077,Ладимир Фокич Веселов,Старший инженер,Отдел разработки
00078,Анжела Андреевна Рыбакова,Маркетолог,Бухгалтерия
00079,Воронцова Антонина Анатольевна,Юрист,Логистика
00080,Селезнева Иванна Владимировна,Аналитик,Отдел закупок
00081,Ангелина Ефимовна Фомина,Заместитель директора,Логистика
00082,Порфирий Ефимьевич Костин,Экономист,Логистика
00083,Светлана Андреевна Харитонова,Системный администратор,IT-отдел
00084,Клавдия Борисовна Субботина,Старший менеджер,Логистика
00085,Иванна Вадимовна Белозерова,Экономист,Отдел продаж
00086,Жданов Герман Егорович,Старший менеджер,Отдел маркетинга
00087,Епифан Измаилович Ершов,Системный администратор,Юридический отдел
00088,Красильникова Иванна Сергеевна,Юрист,Отдел закупок
00089,Антонин Бенедиктович Калашников,Аналитик,Логистика
00090,Кирилл Андреевич Смирнов,Специалист,Финансовый отдел
00091,Владислав Евсеевич Сорокин,Бухгалтер,Финансовый отдел
00092,Жданова Наталья Федоровна,Секретарь,Производственный отдел
00093,Воробьев Геннадий Алексеевич,Системный администратор,Отдел кадров
00094,Фаина Тимуровна Куликова,Бухгалтер,Отдел продаж
00095,Андроник Ефремович Громов,Дизайнер,Отдел продаж
00096,Алина Матвеевна Никитина,Юрист,IT-отдел
00097,Харитонова Валентина Матвеевна,Маркетолог,Логистика
00098,Надежда Яковлевна Дементьева,Инженер,Производственный отдел
00099,Тетерин Изот Владиславович,Аналитик,Служба поддержки
00100,Дарья Наумовна Козлова,Инженер,Отдел аналитики
00101,Стрелков Мариан Фадеевич,Экономист,Отдел аналитики
00102,Зинаида Ивановна Яковлева,Заместитель директора,Логистика
00103,Валентина Мироновна Уварова,Заместитель директора,IT-отдел
00104,Воронов Ефрем Германович,Аналитик,Отдел закупок
00105,Оксана Макаровна Тимофеева,Секретарь,Отдел продаж
00106,Елизавета Дмитриевна Козлова,Логист,Служба поддержки
00107,Власова Лора Игоревна,Секретарь,Отдел маркетинга
00108,Ирина Макаровна Носкова,Юрист,Юридический отдел
00109,Ларионова Синклитикия Леоновна,HR-специалист,Бухгалтерия
00110,Валерия Захаровна Борисова,Экономист,IT-отдел
00111,Белоусова Александра Борисовна,Инженер,Административный отдел
00112,Коновалова Лариса Оскаровна,Руководитель отдела,Отдел кадров
00113,Панфилова Валерия Натановна,Дизайнер,Отдел разработки
00114,Евдокия Ждановна Соловьева,Специалист,Юридический отдел
00115,Смирнова Регина Тарасовна,Старший менеджер,Отдел кадров
00116,Субботина Евпраксия Михайловна,Ведущий специалист,Отдел продаж
00117,Максимильян Жанович Нестеров,Инженер,Юридический отдел
00118,Клавдия Сергеевна Никифорова,Старший инженер,Отдел продаж
00119,Большакова Милица Кирилловна,Логист,Производственный отдел
00120,Григорьева Наина Мироновна,Курьер,Отдел закупок
00121,Лихачева Дарья Юрьевна,Специалист,Финансовый отдел
00122,Маслова Таисия Александровна,Юрист,Отдел кадров
00123,Епифан Феликсович Устинов,Юрист,Отдел закупок
00124,Лапина Лидия Рубеновна,Курьер,IT-отдел
00125,Ермил Яковлевич Мухин,Маркетолог,Отдел маркетинга
00126,Глафира Артемовна Боброва,Руководитель отдела,Юридический отдел
00127,Калашникова Юлия Леоновна,Аналитик,Отдел закупок
00128,Селиверстов Измаил Ефстафьевич,Заместитель директора,Логистика
00129,Лазарев Гедеон Адрианович,Менеджер,Отдел разработки
00130,Мухин Юлиан Артёмович,Ведущий специалист,Отдел закупок
00131,Фирс Георгиевич Терентьев,Заместитель директора,IT-отдел
00132,Горшкова Милица Ефимовна,Аналитик,Служба поддержки
00133,Пахомов Аверкий Борисович,Системный администратор,Производственный отдел
00134,Елена Вячеславовна Брагина,Ведущий специалист,Отдел аналитики
00135,Регина Рубеновна Васильева,Программист,Производственный отдел
00136,Фомичева Варвара Робертовна,Логист,Отдел маркетинга
00137,Суворов Тарас Жоресович,Старший инженер,Бухгалтерия
00138,Нинель Юрьевна Авдеева,Маркетолог,Отдел маркетинга
00139,Селезнева Наталья Тимуровна,Менеджер,Юридический отдел
00140,Гордей Харламович Савельев,Аналитик,Отдел кадров
00141,Иосиф Елизарович Комиссаров,Руководитель отдела,Отдел разработки
00142,Пелагея Егоровна Егорова,Старший инженер,Отдел кадров
00143,Конон Данилович Дорофеев,Руководитель отдела,Отдел закупок
00144,Тимур Артурович Кудрявцев,Ведущий специалист,Отдел кадров
00145,Блинов Герасим Гордеевич,Программист,Отдел разработки
00146,Исаков Максимильян Фролович,Руководитель отдела,Бухгалтерия
00147,Елисей Федосеевич Колесников,Курьер,Финансовый отдел
00148,Фаина Архиповна Гордеева,Бухгалтер,Производственный отдел
00149,Ульяна Мироновна Архипова,Инженер,Отдел закупок
00150,Казаков Лаврентий Терентьевич,HR-специалист,Юридический отдел
00151,Наина Тарасовна Дементьева,Старший инженер,Отдел закупок
00152,Лаврентьева Элеонора Дмитриевна,Заместитель директора,Отдел продаж
00153,Ким Феодосьевич Мартынов,Руководитель отдела,Отдел продаж
00154,Ширяев Онуфрий Владленович,Менеджер,Отдел продаж
00155,Василиса Яковлевна Лукина,Курьер,Бухгалтерия
00156,Карпов Христофор Адрианович,Системный администратор,Административный отдел
00157,Котов Всемил Фомич,Дизайнер,Отдел кадров
00158,Осипов Натан Зиновьевич,Менеджер,Отдел разработки
00159,Большаков Мартын Тарасович,Ведущий специалист,Логистика
00160,Пантелеймон Димитриевич Щукин,HR-специалист,Отдел закупок
00161,Соколов Тимур Антипович,Программист,Логистика
00162,тов. Цветкова Ангелина Аскольдовна,Экономист,Бухгалтерия
00163,Зинаида Геннадьевна Дьячкова,Старший менеджер,Производственный отдел
00164,Степанов Изяслав Валерьянович,Экономист,Отдел закупок
00165,Викентий Григорьевич Абрамов,Секретарь,Бухгалтерия
00166,Комиссарова Маргарита Викторовна,Специалист,Отдел кадров
00167,Силина Валерия Валериевна,Специалист,Производственный отдел
00168,Валентина Харитоновна Козлова,Дизайнер,Отдел кадров
00169,Ульяна Мироновна Афанасьева,Специалист,Бухгалтерия
00170,Евпраксия Анатольевна Капустина,Заместитель директора,Юридический отдел
00171,Исаева Зинаида Борисовна,Инженер,Производственный отдел
00172,Антонова Фёкла Васильевна,Инженер,Административный отдел
00173,Татьяна Аскольдовна Коновалова,Дизайнер,Служба поддержки
00174,Нестерова Маргарита Афанасьевна,Заместитель директора,IT-отдел
00175,Александрова Агафья Николаевна,Старший инженер,Производственный отдел
00176,Валентина Оскаровна Кондратьева,Аналитик,Отдел кадров
00177,Родион Витальевич Кудряшов,Руководитель отдела,Отдел закупок
00178,Галкин Касьян Харлампьевич,Курьер,Служба поддержки
00179,Христофор Евстигнеевич Марков,Логист,Отдел закупок
00180,Анна Игоревна Бобылева,Бухгалтер,Отдел закупок
00181,Ростислав Тарасович Ширяев,Заместитель директора,Логистика
00182,Якушев Любосмысл Гавриилович,Бухгалтер,Административный отдел
00183,Мина Дорофеевич Александров,Программист,Производственный отдел
00184,Эдуард Елизарович Наумов,Юрист,IT-отдел
00185,Блохин Евграф Архипович,HR-специалист,Логистика
00186,Исаков Селиван Демидович,Маркетолог,Служба поддержки
00187,Юдина Пелагея Петровна,Руководитель отдела,Отдел продаж
00188,Анна Кирилловна Полякова,Маркетолог,Отдел кадров
00189,Илья Ефремович Нестеров,Ведущий специалист,Отдел кадров
00190,Мухина Таисия Станиславовна,Экономист,Отдел аналитики
00191,Ульян Игнатович Казаков,Экономист,Отдел маркетинга
00192,Дорофеева Ксения Ждановна,Специалист,Юридический отдел
00193,Молчанов Евдоким Жанович,Системный администратор,Производственный отдел
00194,Беляков Доброслав Георгиевич,Менеджер,IT-отдел
00195,Трофимов Кирилл Еремеевич,Секретарь,Отдел разработки
00196,Евдокия Кирилловна Данилова,Заместитель директора,Административный отдел
00197,Ладислав Авдеевич Рогов,Экономист,Служба поддержки
00198,Егорова Алина Альбертовна,Секретарь,Административный отдел
00199,Игнатова Василиса Рудольфовна,Экономист,Отдел аналитики
00200,Попов Филипп Еремеевич,Менеджер,Отдел продаж
00201,Потап Измаилович Герасимов,Специалист,Производственный отдел
00202,Зоя Романовна Андреева,Старший менеджер,Логистика
00203,Милица Рудольфовна Богданова,Экономист,IT-отдел
00204,Зимина Алла Владиславовна,Специалист,Отдел аналитики
00205,Воронцов Лазарь Архипович,Старший менеджер,Отдел разработки
00206,г-жа Наумова Наина Юльевна,Системный администратор,Отдел разработки
00207,Орехова Елена Семеновна,Специалист,Производственный отдел
00208,Пров Ефимович Самойлов,Руководитель отдела,Производственный отдел
00209,Котова Ксения Феликсовна,Экономист,Финансовый отдел
00210,Костина Антонина Григорьевна,Аналитик,Административный отдел
00211,Белоусова Анжелика Валериевна,Дизайнер,Отдел продаж
00212,Жданов Афиноген Владиленович,Бухгалтер,Производственный отдел
00213,Савельев Чеслав Харитонович,Заместитель директора,Логистика
00214,Игнатий Ермилович Крюков,Инженер,Бухгалтерия
00215,Радован Артёмович Зимин,Секретарь,Отдел закупок
00216,Белоусов Ярослав Герасимович,Секретарь,Отдел аналитики
00217,Тихон Давидович Юдин,Дизайнер,Административный отдел
00218,Федотов Вячеслав Артёмович,Экономист,Производственный отдел
00219,Вишняков Леон Ермилович,Дизайнер,Отдел разработки
00220,Руслан Ефимьевич Филатов,Логист,Служба поддержки
00221,Ким Юлианович Потапов,Бухгалтер,Юридический отдел
00222,г-н Моисеев Андрон Феликсович,Ведущий специалист,Бухгалтерия
00223,Елисеева Зоя Алексеевна,Ведущий специалист,Служба поддержки
00224,Силин Фирс Адамович,Логист,Отдел аналитики
00225,тов. Игнатьева Алина Вячеславовна,HR-специалист,Финансовый отдел
00226,Пров Елисеевич Королев,Логист,Отдел продаж
00227,тов. Калашникова Пелагея Богдановна,Логист,Производственный отдел
00228,Осип Игнатьевич Марков,Маркетолог,Административный отдел
00229,Гордеева Галина Леоновна,Старший менеджер,Отдел маркетинга
00230,Серафим Ермилович Нестеров,Ведущий специалист,Финансовый отдел
00231,Таисия Антоновна Панова,Старший менеджер,Отдел продаж
00232,Максимов Любомир Валентинович,Юрист,Логистика
00233,Милица Степановна Шарапова,Системный администратор,Отдел кадров
00234,София Рубеновна Тихонова,Ведущий специалист,Юридический отдел
00235,Михеев Митофан Эдуардович,Экономист,Бухгалтерия
00236,Мишина Алла Григорьевна,Бухгалтер,Юридический отдел
00237,Влас Ермилович Быков,Бухгалтер,Административный отдел
00238,Пелагея Васильевна Новикова,Заместитель директора,Финансовый отдел
00239,Элеонора Егоровна Рогова,Маркетолог,Юридический отдел
00240,Жданов Агафон Устинович,Инженер,Отдел закупок
00241,Одинцов Викентий Фомич,Логист,Отдел разработки
00242,Виктория Святославовна Тетерина,Старший инженер,Производственный отдел
00243,Панфилова Ираида Николаевна,Аналитик,Логистика
00244,Олимпиада Ефимовна Панова,Маркетолог,Служба поддержки
00245,Блинова Евдокия Эльдаровна,Экономист,Служба поддержки
00246,Бобылева Вера Афанасьевна,Специалист,Административный отдел
00247,Павел Измаилович Колобов,Маркетолог,Административный отдел
00248,Ираида Александровна Боброва,Заместитель директора,Отдел продаж
00249,Дьячкова Феврония Харитоновна,Ведущий специалист,Административный отдел
00250,тов. Князева Виктория Петровна,Старший менеджер,Бухгалтерия
00251,Коновалова Лора Тимуровна,Заместитель директора,Отдел закупок
00252,Марина Робертовна Тетерина,Менеджер,Финансовый отдел
00253,Евгений Демидович Дроздов,Специалист,Отдел закупок
00254,Остап Андреевич Филиппов,Экономист,Отдел кадров
00255,Крюкова Марина Натановна,Старший инженер,Отдел аналитики
00256,Виктория Святославовна Силина,Логист,Логистика
00257,Овчинников Харлампий Игнатович,Дизайнер,Отдел закупок
00258,Нинель Болеславовна Назарова,Дизайнер,Юридический отдел
00259,Агафья Вениаминовна Исакова,Бухгалтер,Отдел кадров
00260,Виктория Анатольевна Воронова,Юрист,Бухгалтерия
00261,Иванна Львовна Ефремова,Старший менеджер,Логистика
00262,Кулагина Анжелика Леоновна,Старший инженер,Отдел закупок
00263,Синклитикия Мироновна Пестова,Юрист,Отдел кадров
00264,Севастьян Алексеевич Орехов,Менеджер,Отдел закупок
00265,Евдокимов Константин Давыдович,Юрист,Отдел кадров
00266,Нина Болеславовна Мишина,Аналитик,Отдел аналитики
00267,Уварова Антонина Павловна,Маркетолог,Отдел разработки
00268,Петухов Алексей Андреевич,Программист,Служба поддержки
00269,Аполлон Ерофеевич Ефимов,Логист,Административный отдел
00270,Галактион Демьянович Лобанов,Заместитель директора,Отдел аналитики
00271,Дмитрий Власович Захаров,Дизайнер,Отдел аналитики
00272,Беспалов Наум Демидович,Инженер,Отдел разработки
00273,г-н Жуков Роман Дмитриевич,Бухгалтер,Административный отдел
00274,Авксентий Фролович Мясников,Программист,IT-отдел
00275,Трифон Владиленович Богданов,Бухгалтер,Производственный отдел
00276,Мечислав Ефимович Кабанов,Старший менеджер,Логистика
00277,Зоя Робертовна Сазонова,Секретарь,Финансовый отдел
00278,Нестор Харлампьевич Киселев,Заместитель директора,Финансовый отдел
00279,Дроздов Мирон Ерофеевич,Старший менеджер,IT-отдел
00280,тов. Лебедева Марфа Игоревна,Системный администратор,Отдел закупок
00281,Князев Антип Эдуардович,Старший менеджер,IT-отдел
00282,Ия Евгеньевна Кошелева,Старший менеджер,Финансовый отдел
00283,Елена Георгиевна Орехова,Секретарь,IT-отдел
00284,Всеслав Богданович Лихачев,Дизайнер,Отдел разработки
00285,Волкова Ксения Павловна,Руководитель отдела,IT-отдел
00286,Громов Влас Бенедиктович,Руководитель отдела,Административный отдел
00287,Лидия Николаевна Захарова,Старший инженер,Финансовый отдел
00288,Устинов Тимур Иосифович,Старший менеджер,Административный отдел
00289,Сысоева Ираида Викторовна,Руководитель отдела,Административный отдел
00290,Светозар Ерофеевич Дементьев,Специалист,Логистика
00291,Валерия Рубеновна Силина,Старший инженер,Отдел кадров
00292,Симонов Зиновий Тихонович,Специалист,Логистика
00293,Тамара Михайловна Тарасова,Курьер,Отдел кадров
00294,Агафья Захаровна Белякова,Специалист,Отдел закупок
00295,Фомин Каллистрат Тарасович,Экономист,Отдел разработки
00296,Маргарита Борисовна Муравьева,Юрист,Административный отдел
00297,Козлов Якуб Зиновьевич,Ведущий специалист,IT-отдел
00298,Елена Афанасьевна Калашникова,Секретарь,IT-отдел
00299,Клавдия Наумовна Андреева,Экономист,Отдел маркетинга
00300,Блохин Андрей Ефимьевич,Секретарь,Производственный отдел
00301,г-жа Белова Жанна Тарасовна,Курьер,Отдел аналитики
00302,Панов Моисей Федосеевич,Старший менеджер,Отдел закупок
00303,Артемьева Виктория Николаевна,Курьер,Юридический отдел
00304,Щукина Пелагея Юрьевна,Специалист,Юридический отдел
00305,Климент Александрович Пахомов,Логист,Служба поддержки
00306,Прокл Феофанович Селиверстов,Секретарь,Отдел кадров
00307,Денисов Валерьян Исидорович,Секретарь,Отдел разработки
00308,Юдина Людмила Аркадьевна,Руководитель отдела,Отдел разработки
00309,Евграф Валерьевич Блохин,Системный администратор,Бухгалтерия
00310,Оксана Богдановна Нестерова,Аналитик,IT-отдел
00311,Кабанов Эдуард Адамович,Бухгалтер,Отдел продаж
00312,Миронов Илья Валерьянович,Системный администратор,IT-отдел
00313,Евфросиния Афанасьевна Никонова,Экономист,Административный отдел
00314,Евфросиния Эдуардовна Рябова,Аналитик,Отдел маркетинга
00315,Елизавета Леоновна Носова,Юрист,Отдел кадров
00316,Мясников Эдуард Ааронович,Инженер,Логистика
00317,Галактион Васильевич Потапов,Программист,Отдел аналитики
00318,Демид Брониславович Нестеров,Маркетолог,IT-отдел
00319,Василиса Андреевна Ефимова,Системный администратор,Административный отдел
00320,Жанна Эдуардовна Маркова,Специалист,Логистика
00321,Белоусов Антонин Валерьянович,Менеджер,Финансовый отдел
00322,Назарова Валерия Афанасьевна,Маркетолог,Финансовый отдел
00323,Митофан Якубович Капустин,Курьер,Служба поддержки
00324,Овчинников Ефрем Андреевич,Секретарь,Отдел закупок
00325,Бурова Регина Кузьминична,Ведущий специалист,IT-отдел
00326,Амвросий Ануфриевич Архипов,Специалист,Отдел закупок
00327,Наталья Борисовна Емельянова,Заместитель директора,Административный отдел
00328,Зуева Анжела Артемовна,Бухгалтер,IT-отдел
00329,Гедеон Арсенович Гусев,Руководитель отдела,Бухгалтерия
00330,Фотий Зиновьевич Щербаков,Аналитик,Отдел маркетинга
00331,тов. Панова Прасковья Юльевна,Инженер,Производственный отдел
00332,Викентий Григорьевич Горбунов,HR-специалист,Административный отдел
00333,Зосима Фадеевич Ширяев,Специалист,Производственный отдел
00334,Милица Николаевна Артемьева,Экономист,Финансовый отдел
00335,Котов Лонгин Дмитриевич,HR-специалист,Финансовый отдел
00336,Герасим Харламович Виноградов,Программист,Отдел продаж
00337,Михайлов Вадим Феликсович,Старший инженер,Отдел аналитики
00338,Гришин Мокей Васильевич,Маркетолог,Отдел закупок
00339,Сафонова Тамара Федоровна,Заместитель директора,Финансовый отдел
00340,Виталий Фадеевич Казаков,Программист,Отдел аналитики
00341,Наталья Альбертовна Меркушева,Курьер,Финансовый отдел
00342,Леонтий Ильич Орлов,Руководитель отдела,Отдел продаж
00343,Соболева Виктория Романовна,Менеджер,Отдел маркетинга
00344,Киселев Милий Исидорович,Заместитель директора,Юридический отдел
00345,Матвеев Филипп Давидович,Программист,Отдел кадров
00346,Тамара Яковлевна Горбачева,Ведущий специалист,Административный отдел
00347,Наумова Алевтина Юльевна,Инженер,Логистика
00348,Ираида Алексеевна Королева,Аналитик,Отдел маркетинга
00349,Леонид Игоревич Шестаков,Ведущий специалист,Отдел аналитики
00350,Беспалов Гаврила Трифонович,Ведущий специалист,Отдел разработки
00351,Гришин Амвросий Бенедиктович,Заместитель директора,Бухгалтерия
00352,Екатерина Мироновна Гаврилова,Инженер,Отдел продаж
00353,Глеб Исидорович Никифоров,Аналитик,Отдел закупок
00354,Носова Татьяна Эльдаровна,Программист,Бухгалтерия
00355,Зайцев Герман Владиленович,Курьер,Юридический отдел
00356,Алла Артемовна Дорофеева,Бухгалтер,Отдел аналитики
00357,Парамон Чеславович Кошелев,Системный администратор,Логистика
00358,Ким Григорьевич Симонов,Бухгалтер,Логистика
00359,Коновалова Нина Вадимовна,Аналитик,Отдел аналитики
00360,Христофор Чеславович Назаров,Руководитель отдела,Финансовый отдел
00361,Соловьева Елена Никифоровна,Дизайнер,Отдел разработки
00362,Анастасия Александровна Ершова,Аналитик,IT-отдел
00363,Еремей Викентьевич Фадеев,Старший менеджер,Отдел кадров
00364,Макар Валерианович Иванов,Специалист,IT-отдел
00365,тов. Захаров Владислав Тарасович,Логист,Отдел аналитики
00366,Данилова Прасковья Федоровна,Аналитик,Отдел продаж
00367,Людмила Анатольевна Афанасьева,Старший менеджер,Отдел разработки
00368,Алина Оскаровна Соколова,Менеджер,Отдел маркетинга
00369,Бажен Жанович Игнатьев,Системный администратор,Отдел аналитики
00370,Онуфрий Фёдорович Калинин,Инженер,Производственный отдел
00371,Лебедев Любосмысл Власович,Аналитик,Финансовый отдел
00372,Юлия Робертовна Никонова,Старший инженер,Отдел закупок
00373,Денисова Анна Оскаровна,Маркетолог,Административный отдел
00374,Зинаида Оскаровна Сафонова,Заместитель директора,Административный отдел
00375,Богдан Тихонович Беспалов,Логист,Служба поддержки
00376,Мартьян Гурьевич Миронов,Заместитель директора,Отдел продаж
00377,Анжела Степановна Калашникова,Менеджер,Бухгалтерия
00378,Панфилов Евлампий Иларионович,Ведущий специалист,Юридический отдел
00379,Гедеон Данилович Орлов,Специалист,Служба поддержки
00380,Лазарев Дементий Витальевич,Инженер,Бухгалтерия
00381,Анжела Вячеславовна Селиверстова,Заместитель директора,Отдел продаж
00382,Полина Рубеновна Симонова,Старший менеджер,Служба поддержки
00383,Савина Нонна Феликсовна,HR-специалист,Юридический отдел
00384,Ефремова Лидия Кузьминична,Секретарь,Отдел разработки
00385,Виноградов Рюрик Феофанович,Заместитель директора,Логистика
00386,Евсеева Ирина Эдуардовна,Инженер,Бухгалтерия
00387,Селезнев Афанасий Ефстафьевич,Логист,Административный отдел
00388,Андрей Антонович Фомин,Инженер,Служба поддержки
00389,Анжела Богдановна Горбачева,Старший менеджер,IT-отдел
00390,Блинова Октябрина Харитоновна,Программист,Отдел продаж
00391,Вишнякова Алина Петровна,HR-специалист,Отдел продаж
00392,Ульяна Георгиевна Маркова,Старший менеджер,IT-отдел
00393,Овчинникова Виктория Аркадьевна,HR-специалист,Производственный отдел
00394,Мефодий Архипович Селезнев,Бухгалтер,Производственный отдел
00395,Волкова Зинаида Павловна,Экономист,Отдел маркетинга
00396,г-жа Громова Маргарита Ильинична,Ведущий специалист,Отдел кадров
00397,Мартьян Антипович Вишняков,HR-специалист,IT-отдел
00398,Миронова Ангелина Леоновна,Заместитель директора,Логистика
00399,Ларионов Никандр Еремеевич,Логист,Отдел аналитики
00400,Эраст Вилорович Миронов,Курьер,Отдел закупок
00401,Нестеров Вячеслав Иларионович,Инженер,Отдел закупок
00402,Никифор Васильевич Кириллов,Экономист,Логистика
00403,Михайлова Ксения Федоровна,Старший инженер,Бухгалтерия
00404,Максим Валерьянович Агафонов,Старший инженер,Служба поддержки
00405,Блохина Светлана Богдановна,Логист,Отдел закупок
00406,Родионова Раиса Михайловна,Менеджер,Логистика
00407,Никифоров Дмитрий Гордеевич,Старший инженер,IT-отдел
00408,Святослав Георгиевич Цветков,Системный администратор,Финансовый отдел
00409,г-жа Воробьева Кира Болеславовна,Логист,Отдел разработки
00410,Потапова Светлана Антоновна,Экономист,Отдел маркетинга
00411,Шашкова Юлия Владимировна,Аналитик,Отдел кадров
00412,Степанова Галина Геннадиевна,Старший инженер,Бухгалтерия
00413,Юлия Викторовна Молчанова,Ведущий специалист,Административный отдел
00414,Остап Иосифович Ларионов,Юрист,Логистика
00415,Лыткина Нинель Юрьевна,Старший менеджер,Отдел аналитики
00416,Прохор Даниилович Лукин,Дизайнер,IT-отдел
00417,Меркушев Рюрик Георгиевич,Экономист,Административный отдел
00418,Филимон Феоктистович Суворов,Бухгалтер,Бухгалтерия
00419,Марина Сергеевна Лобанова,Маркетолог,Отдел продаж
00420,Гостомысл Германович Брагин,HR-специалист,Административный отдел
00421,Уварова Зоя Альбертовна,Программист,Отдел кадров
00422,Уварова Маргарита Тимуровна,Экономист,Отдел разработки
00423,Регина Васильевна Боброва,Экономист,IT-отдел
00424,Сорокин Ким Филимонович,Менеджер,Производственный отдел
00425,Вероника Оскаровна Тарасова,Бухгалтер,Отдел аналитики
00426,Елена Петровна Доронина,Юрист,Отдел разработки
00427,Александр Фёдорович Зайцев,Системный администратор,Финансовый отдел
00428,Мстислав Данилович Блинов,Аналитик,Бухгалтерия
00429,тов. Цветкова Алевтина Кузьминична,Специалист,Производственный отдел
00430,Лора Вениаминовна Кудрявцева,Аналитик,Служба поддержки
00431,Фомичев Савва Викентьевич,HR-специалист,Отдел аналитики
00432,Олимпиада Петровна Горбачева,Руководитель отдела,Юридический отдел
00433,Федоров Адам Дмитриевич,Юрист,Служба поддержки
00434,Алексеев Трофим Федосьевич,Заместитель директора,Юридический отдел
00435,Дмитриев Изот Ефимьевич,Системный администратор,Отдел закупок
00436,Журавлев Панкрат Фокич,Менеджер,Отдел кадров
00437,Дьячков Сигизмунд Аверьянович,Ведущий специалист,Отдел маркетинга
00438,Игнатьева Жанна Вениаминовна,Аналитик,Юридический отдел
00439,Август Ильич Журавлев,Старший инженер,Отдел аналитики
00440,Герасимова Анжелика Станиславовна,Секретарь,Отдел маркетинга
00441,Ангелина Станиславовна Некрасова,Аналитик,Бухгалтерия
00442,Селезнева Таисия Архиповна,Старший менеджер,Бухгалтерия
00443,Рюрик Андреевич Калашников,Ведущий специалист,Логистика
00444,Мстислав Димитриевич Дементьев,Курьер,Отдел кадров
00445,Устинов Артем Изотович,Логист,Финансовый отдел
00446,Прохоров Василий Игнатьевич,HR-специалист,Отдел продаж
00447,Казаков Трифон Игоревич,Системный администратор,IT-отдел
00448,Дарья Рубеновна Игнатова,Логист,Юридический отдел
00449,Добромысл Венедиктович Голубев,Курьер,Финансовый отдел
00450,Фокина Оксана Антоновна,Руководитель отдела,Логистика
00451,Аникей Германович Доронин,Ведущий специалист,Отдел разработки
00452,Тетерин Леонид Якубович,Юрист,IT-отдел
00453,Тихон Харламович Максимов,Секретарь,Отдел кадров
00454,Юдин Евграф Ермилович,Бухгалтер,IT-отдел
00455,Анисим Игнатович Дорофеев,Аналитик,Производственный отдел
00456,Фомин Поликарп Трифонович,Старший менеджер,Административный отдел
00457,Самсонова Мария Львовна,Логист,Производственный отдел
00458,Полина Святославовна Фомина,Менеджер,Отдел продаж
00459,Регина Ивановна Брагина,Руководитель отдела,IT-отдел
00460,Родионов Богдан Феликсович,Заместитель директора,Отдел аналитики
00461,Бирюкова Евгения Тимофеевна,Бухгалтер,Отдел кадров
00462,Варфоломей Артурович Большаков,HR-специалист,Административный отдел
00463,Тимофеева Нонна Юльевна,Логист,Финансовый отдел
00464,Сергеева Нинель Макаровна,Специалист,Отдел продаж
00465,Милован Феодосьевич Егоров,Системный администратор,Отдел аналитики
00466,Вишнякова Анастасия Анатольевна,Курьер,Отдел маркетинга
00467,Маслова Майя Степановна,Системный администратор,Логистика
00468,Галина Алексеевна Баранова,Ведущий специалист,IT-отдел
00469,Нинель Антоновна Гусева,Программист,Бухгалтерия
00470,Гуляев Михей Иосипович,Руководитель отдела,Юридический отдел
00471,Ферапонт Александрович Елисеев,Программист,Отдел аналитики
00472,Савельев Моисей Марсович,Логист,Отдел закупок
00473,Бажен Викентьевич Лобанов,Системный администратор,Административный отдел
00474,Лонгин Елисеевич Крылов,Юрист,Отдел разработки
00475,Алевтина Геннадиевна Чернова,Программист,IT-отдел
00476,Сысоева Тамара Васильевна,Заместитель директора,Административный отдел
00477,Казимир Филатович Соболев,Инженер,Отдел маркетинга
00478,тов. Шубина Пелагея Геннадьевна,Бухгалтер,Отдел аналитики
00479,Красильников Афанасий Филимонович,Логист,IT-отдел
00480,Кулаков Прокл Афанасьевич,Юрист,Отдел кадров
00481,Лариса Макаровна Рогова,Старший инженер,Производственный отдел
00482,Потапов Корнил Ефимович,Курьер,Финансовый отдел
00483,Дарья Михайловна Панфилова,Секретарь,Финансовый отдел
00484,Медведев Вышеслав Данилович,Программист,Бухгалтерия
00485,Алевтина Михайловна Жданова,Юрист,Логистика
00486,Абрамова Таисия Владимировна,Заместитель директора,Бухгалтерия
00487,Беляева Ангелина Константиновна,Менеджер,Логистика
00488,Самуил Фадеевич Комиссаров,Программист,Административный отдел
00489,Фирс Артёмович Гусев,Программист,Производственный отдел
00490,Анжела Петровна Абрамова,Бухгалтер,Отдел кадров
00491,Коновалова Василиса Тимуровна,Логист,Юридический отдел
00492,Королева Василиса Оскаровна,Секретарь,Административный отдел
00493,Беспалова Анастасия Васильевна,Курьер,Отдел закупок
00494,Антонова Глафира Валериевна,Системный администратор,Логистика
00495,Зиновий Изотович Блохин,Маркетолог,Отдел разработки
00496,Ия Артемовна Максимова,Маркетолог,Отдел закупок
00497,Пестов Устин Елизарович,Маркетолог,Отдел разработки
00498,Антонов Юрий Бенедиктович,Бухгалтер,Отдел аналитики
00499,Романова Феврония Харитоновна,Руководитель отдела,Служба поддержки
00500,Прохоров Ярополк Игоревич,Дизайнер,Финансовый отдел
00501,Татьяна Аскольдовна Шарапова,Старший инженер,Отдел разработки
00502,Анжелика Аскольдовна Блохина,Специалист,Финансовый отдел
00503,Игнатьева Иванна Григорьевна,Программист,Отдел аналитики
00504,Наина Яковлевна Кабанова,Руководитель отдела,Отдел разработки
00505,Белозеров Трифон Ермолаевич,Курьер,Производственный отдел
00506,Антонова Ольга Ефимовна,Системный администратор,Служба поддержки
00507,Милица Кузьминична Панова,Специалист,Отдел разработки
00508,Семенов Глеб Феоктистович,Экономист,Отдел маркетинга
00509,Ростислав Гертрудович Александров,Программист,Отдел закупок
00510,Веселова Лариса Макаровна,Экономист,Логистика
00511,Василиса Максимовна Копылова,Бухгалтер,Отдел закупок
00512,Филиппова Жанна Рубеновна,Инженер,Административный отдел
00513,Савельев Иосиф Викторович,Менеджер,Отдел кадров
00514,Калинин Нестор Федосеевич,Старший менеджер,Отдел маркетинга
00515,Гордей Зиновьевич Колобов,Экономист,Производственный отдел
00516,Веселова Евдокия Валериевна,Дизайнер,Отдел маркетинга
00517,тов. Чернов Леон Эдуардович,Курьер,Отдел продаж
00518,Фокин Никодим Юльевич,Специалист,Служба поддержки
00519,Иларион Григорьевич Логинов,Маркетолог,Отдел закупок
00520,Антип Еремеевич Горшков,Логист,Отдел закупок
00521,Одинцова Олимпиада Ильинична,Секретарь,Финансовый отдел
00522,Сазонова Валентина Оскаровна,Бухгалтер,Производственный отдел
00523,Белоусов Михей Трофимович,Юрист,Отдел закупок
00524,Олег Антипович Ермаков,Дизайнер,Бухгалтерия
00525,Денисова Таисия Ильинична,Юрист,Бухгалтерия
00526,Селезнев Радим Елисеевич,Экономист,Отдел кадров
00527,Юлия Юрьевна Ковалева,Инженер,Служба поддержки
00528,Белов Никодим Марсович,Менеджер,Отдел закупок
00529,Лукия Федоровна Субботина,Ведущий специалист,Логистика
00530,Гаврила Герасимович Елисеев,Логист,Отдел маркетинга
00531,Овчинникова Алина Аскольдовна,Экономист,Отдел аналитики
00532,Кулаков Мариан Харламович,Старший инженер,Финансовый отдел
00533,Алексеева Элеонора Степановна,Руководитель отдела,Административный отдел
00534,Тетерин Юлий Жоресович,Маркетолог,Производственный отдел
00535,Горбачев Ладимир Игоревич,Старший менеджер,Логистика
00536,Панфилова Синклитикия Рудольфовна,Заместитель директора,Отдел маркетинга
00537,Петухова Олимпиада Архиповна,Экономист,Отдел закупок
00538,Венедикт Фёдорович Логинов,Ведущий специалист,Логистика
00539,Александр Харламович Белоусов,Маркетолог,Отдел разработки
00540,Фаина Филипповна Данилова,Инженер,Отдел продаж
00541,Логинова Ольга Викторовна,Маркетолог,Логистика
00542,Молчанова Юлия Мироновна,Руководитель отдела,Бухгалтерия
00543,Федосеев Илья Александрович,Заместитель директора,Отдел закупок
00544,Филатова Валерия Георгиевна,Курьер,Юридический отдел
00545,Веселов Панкрат Вилорович,Системный администратор,Логистика
00546,Елизар Фадеевич Овчинников,Маркетолог,Производственный отдел
00547,Олимпиада Аркадьевна Крюкова,Курьер,Отдел продаж
00548,Никитин Феликс Зиновьевич,Руководитель отдела,Отдел закупок
00549,тов. Назарова Марина Кузьминична,Логист,Логистика
00550,Оксана Тарасовна Александрова,Заместитель директора,Отдел аналитики
00551,Ларионова Иванна Юрьевна,Маркетолог,Отдел разработки
00552,Иосиф Елисеевич Наумов,Старший инженер,IT-отдел
00553,Лаврентий Ермилович Крюков,Дизайнер,Административный отдел
00554,Крюков Селиван Жоресович,Маркетолог,Отдел продаж
00555,Федот Елизарович Дмитриев,Аналитик,Юридический отдел
00556,Ларионов Тихон Тарасович,Экономист,IT-отдел
00557,Марфа Макаровна Пестова,Аналитик,Служба поддержки
00558,Вероника Кирилловна Волкова,Руководитель отдела,Отдел продаж
00559,Богдан Изотович Стрелков,Дизайнер,Административный отдел
00560,Исай Харлампович Соболев,Экономист,Финансовый отдел
00561,Беляков Касьян Егорович,Аналитик,Производственный отдел
00562,Горбачев Фрол Демидович,Маркетолог,Отдел маркетинга
00563,Агафонов Тарас Давидович,Специалист,Отдел продаж
00564,Зайцева Антонина Наумовна,Программист,Юридический отдел
00565,Савва Бориславович Федосеев,Экономист,Отдел кадров
00566,Агата Тимуровна Гущина,Аналитик,Административный отдел
00567,Лапин Савелий Харлампович,Системный администратор,Отдел маркетинга
00568,Симонова Ия Леонидовна,Системный администратор,Отдел закупок
00569,Аристарх Афанасьевич Кулагин,Заместитель директора,Отдел продаж
00570,Лукина Александра Вячеславовна,Специалист,Отдел маркетинга
00571,Демьян Алексеевич Дьячков,Инженер,Логистика
00572,Серафим Гаврилович Колобов,Инженер,Отдел продаж
00573,Кира Антоновна Кузнецова,Экономист,IT-отдел
00574,Эраст Борисович Гущин,Юрист,Юридический отдел
00575,Ия Робертовна Носкова,Инженер,Бухгалтерия
00576,Горшкова Вера Сергеевна,Бухгалтер,Отдел разработки
00577,Евдоким Брониславович Суханов,Специалист,Бухгалтерия
00578,Рыбаков Исай Гаврилович,Логист,Отдел разработки
00579,Ширяев Лавр Георгиевич,Логист,Отдел аналитики
00580,Гордеев Онуфрий Федотович,Системный администратор,Административный отдел
00581,Беляева Милица Болеславовна,Заместитель директора,Отдел аналитики
00582,Кудрявцев Самсон Захарьевич,Маркетолог,Юридический отдел
00583,Агата Захаровна Блинова,Логист,Отдел кадров
00584,Ситников Карл Игнатович,Старший менеджер,Юридический отдел
00585,Филипп Августович Осипов,Бухгалтер,Логистика
00586,Шубина Жанна Аркадьевна,Логист,Служба поддержки
00587,Абрамова Ксения Валериевна,Юрист,Юридический отдел
00588,Сила Ефстафьевич Пахомов,Секретарь,Юридический отдел
00589,Фомичев Лавр Исидорович,Менеджер,Отдел маркетинга
00590,Полякова Вера Романовна,Секретарь,Отдел аналитики
00591,Дементьев Эрнст Марсович,Юрист,Отдел аналитики
00592,Ульян Харитонович Симонов,Дизайнер,Служба поддержки
00593,Харитонова Екатерина Ефимовна,Менеджер,Отдел закупок
00594,Кириллова Анжелика Станиславовна,HR-специалист,Бухгалтерия
00595,Митофан Артемьевич Фомичев,Программист,Отдел аналитики
00596,Семенова Таисия Сергеевна,Юрист,Служба поддержки
00597,Беляков Геннадий Владленович,Логист,Отдел кадров
00598,Спиридон Феофанович Андреев,Заместитель директора,Отдел маркетинга
00599,Терентьева Фаина Рудольфовна,Заместитель директора,Бухгалтерия
00600,Панфилов Прокофий Антонович,Курьер,Отдел закупок
00601,Соломон Фёдорович Панов,Экономист,Юридический отдел
00602,Шилова Октябрина Константиновна,Дизайнер,Отдел закупок
00603,Афанасьева Зоя Александровна,Экономист,Бухгалтерия
00604,Фаина Анатольевна Соловьева,Аналитик,Административный отдел
00605,Арсений Ануфриевич Колобов,Логист,Финансовый отдел
00606,Олимпиада Антоновна Дмитриева,Дизайнер,Служба поддержки
00607,Всемил Федосеевич Давыдов,Менеджер,Отдел продаж
00608,тов. Третьякова Марина Мироновна,Юрист,Отдел разработки
00609,Силин Тимур Венедиктович,Системный администратор,Отдел продаж
00610,Шестакова Варвара Вячеславовна,Юрист,IT-отдел
00611,тов. Лобанова Василиса Дмитриевна,Старший инженер,Логистика
00612,Акулина Кузьминична Суворова,Маркетолог,Отдел аналитики
00613,Некрасова Наталья Тарасовна,Инженер,Административный отдел
00614,Иван Денисович Рыбаков,Курьер,Отдел закупок
00615,Кирилл Геннадиевич Колобов,Заместитель директора,Юридический отдел
00616,Валерия Антоновна Корнилова,Менеджер,Отдел закупок
00617,Горбачева Акулина Егоровна,Юрист,Юридический отдел
00618,Комаров Чеслав Александрович,Секретарь,Служба поддержки
00619,Анисим Демьянович Гришин,Секретарь,Финансовый отдел
00620,Быков Игорь Григорьевич,Менеджер,Финансовый отдел
00621,Анастасия Валентиновна Овчинникова,Специалист,Логистика
00622,г-жа Авдеева Ульяна Кузьминична,Логист,Отдел кадров
00623,Мамонтова Лидия Егоровна,Инженер,Бухгалтерия
00624,Гаврила Гурьевич Тихонов,Маркетолог,IT-отдел
00625,Аркадий Всеволодович Исаев,Старший инженер,Финансовый отдел
00626,Наумова Полина Альбертовна,Старший менеджер,Административный отдел
00627,Марина Станиславовна Филиппова,Аналитик,Отдел разработки
00628,Исакова Виктория Кузьминична,Юрист,Отдел маркетинга
00629,Тимофей Харламович Журавлев,Системный администратор,Отдел продаж
00630,Клавдия Вениаминовна Константинова,Бухгалтер,Отдел разработки
00631,Арефий Фадеевич Меркушев,Маркетолог,Отдел аналитики
00632,Тарас Венедиктович Колесников,Системный администратор,Юридический отдел
00633,Ершов Максимильян Артурович,Системный администратор,Производственный отдел
00634,Маргарита Богдановна Белякова,Юрист,Отдел разработки
00635,Пономарева Алла Ивановна,Аналитик,Отдел продаж
00636,Эрнест Анатольевич Уваров,Логист,Финансовый отдел
00637,Брагин Фрол Григорьевич,Аналитик,Финансовый отдел
00638,Мариан Ефимьевич Пестов,Специалист,Отдел маркетинга
00639,Екатерина Георгиевна Силина,Дизайнер,Отдел маркетинга
00640,Дементьева Ольга Ефимовна,Менеджер,Производственный отдел
00641,Крюкова Евфросиния Никифоровна,Заместитель директора,Отдел продаж
00642,Таисия Леонидовна Носова,Старший менеджер,Логистика
00643,Рубен Ильясович Тимофеев,HR-специалист,Производственный отдел
00644,Соломон Эдуардович Абрамов,Экономист,Отдел аналитики
00645,Молчанов Рюрик Жоресович,Специалист,Административный отдел
00646,Маргарита Кузьминична Тихонова,Старший менеджер,Служба поддержки
00647,Князев Ефрем Виленович,Менеджер,Отдел продаж
00648,Жданов Фотий Фёдорович,Экономист,Финансовый отдел
00649,Евсей Игнатович Данилов,Бухгалтер,Административный отдел
00650,Иннокентий Эдуардович Хохлов,Менеджер,Отдел продаж
00651,Зимина Лукия Ждановна,Курьер,Юридический отдел
00652,Пелагея Рудольфовна Рыбакова,Инженер,Логистика
00653,Евсеев Милован Власович,Экономист,Финансовый отдел
00654,Некрасов Селиван Гаврилович,Инженер,Отдел закупок
00655,София Аркадьевна Назарова,Дизайнер,Финансовый отдел
00656,Сазонов Афиноген Анисимович,Ведущий специалист,Отдел разработки
00657,Надежда Валентиновна Одинцова,Секретарь,Служба поддержки
00658,Виноградова Виктория Андреевна,Бухгалтер,Отдел разработки
00659,Панов Мстислав Ануфриевич,Маркетолог,Отдел продаж
00660,Харитонова Эмилия Романовна,Аналитик,Бухгалтерия
00661,Соколова Агата Тарасовна,HR-специалист,Отдел закупок
00662,Попова Акулина Станиславовна,Старший инженер,IT-отдел
00663,Белякова Ия Архиповна,Курьер,Финансовый отдел
00664,Игнатова Нина Вячеславовна,Курьер,Служба поддержки
00665,Белов Станислав Вилорович,Ведущий специалист,Административный отдел
00666,Орехов Степан Димитриевич,Старший инженер,Производственный отдел
00667,Ираида Никифоровна Федорова,Программист,Отдел кадров
00668,Онуфрий Фокич Воронцов,Ведущий специалист,Производственный отдел
00669,Игнатов Зиновий Ефимович,Секретарь,Производственный отдел
00670,Якушева Анжелика Антоновна,Менеджер,Отдел разработки
00671,Щербаков Наркис Харламович,Программист,Отдел аналитики
00672,Кузнецов Данила Архипович,Секретарь,Служба поддержки
00673,тов. Юдин Максимильян Богданович,Юрист,Отдел кадров
00674,Алина Евгеньевна Соболева,Юрист,Финансовый отдел
00675,Татьяна Руслановна Дорофеева,Бухгалтер,IT-отдел
00676,Воробьев Климент Александрович,Специалист,Бухгалтерия
00677,Якушев Лука Аверьянович,Секретарь,Отдел аналитики
00678,Феврония Вениаминовна Ситникова,Экономист,Отдел закупок
00679,Марфа Анатольевна Петухова,Ведущий специалист,Финансовый отдел
00680,Журавлев Ферапонт Терентьевич,Программист,Юридический отдел
00681,Потапова Лора Натановна,Курьер,IT-отдел
00682,Вера Артемовна Овчинникова,Ведущий специалист,IT-отдел
00683,Любовь Альбертовна Комарова,Секретарь,Отдел продаж
00684,Афиноген Измаилович Елисеев,Старший менеджер,Отдел закупок
00685,Фёкла Никифоровна Лыткина,HR-специалист,Производственный отдел
00686,Алевтина Ивановна Шарова,Заместитель директора,Административный отдел
00687,тов. Данилова Людмила Тимуровна,Логист,Бухгалтерия
00688,Нина Геннадиевна Федосеева,HR-специалист,Отдел аналитики
00689,Щербакова Анжелика Яковлевна,Специалист,Отдел аналитики
00690,Иосиф Артёмович Михайлов,Руководитель отдела,Юридический отдел
00691,Натан Витальевич Гришин,Системный администратор,Отдел закупок
00692,Мирослав Борисович Тарасов,Менеджер,Логистика
00693,Тимофеев Прокл Иосипович,Логист,Отдел продаж
00694,Валентина Владимировна Беляева,Дизайнер,Отдел кадров
00695,Третьяков Федосий Якубович,Ведущий специалист,Отдел аналитики
00696,Александр Афанасьевич Казаков,Логист,Отдел аналитики
00697,Кириллова Фёкла Леонидовна,HR-специалист,Юридический отдел
00698,Агафья Кирилловна Тихонова,Маркетолог,Отдел разработки
00699,Борислав Демьянович Дроздов,Инженер,Отдел закупок
00700,Зимина Марина Викторовна,Логист,Отдел кадров
00701,Антонов Карп Эдгарович,Старший инженер,Административный отдел
00702,Сергеев Платон Елизарович,Руководитель отдела,Юридический отдел
00703,Святополк Артемьевич Денисов,Аналитик,Юридический отдел
00704,Иосиф Эдгарович Кириллов,Курьер,Бухгалтерия
00705,Рыбакова Валентина Валентиновна,Заместитель директора,IT-отдел
00706,Николай Игнатьевич Одинцов,Дизайнер,Юридический отдел
00707,Брагина Лора Павловна,Маркетолог,Бухгалтерия
00708,Чеслав Венедиктович Петухов,Логист,Отдел разработки
00709,Евстигней Харлампович Веселов,Секретарь,Отдел закупок
00710,Афанасьев Лучезар Ермолаевич,Аналитик,Логистика
00711,Калашникова Пелагея Филипповна,Системный администратор,Финансовый отдел
00712,Лидия Мироновна Матвеева,Экономист,Служба поддержки
00713,Марфа Михайловна Андреева,Специалист,Финансовый отдел
00714,Евпраксия Эдуардовна Некрасова,Аналитик,IT-отдел
00715,Комиссаров Ульян Адрианович,Маркетолог,Служба поддержки
00716,Октябрина Григорьевна Быкова,Экономист,Административный отдел
00717,Ангелина Наумовна Муравьева,Маркетолог,Бухгалтерия
00718,тов. Журавлев Ипполит Витальевич,Секретарь,Отдел разработки
00719,Вишнякова Марина Анатольевна,Курьер,Логистика
00720,Эммануил Харлампович Логинов,Юрист,Отдел продаж
00721,Сильвестр Федосеевич Некрасов,Системный администратор,Отдел закупок
00722,Меркушев Мирослав Архипович,Менеджер,Юридический отдел
00723,Крылов Мина Владленович,Дизайнер,Юридический отдел
00724,Соловьева Татьяна Ниловна,Системный администратор,Отдел закупок
00725,Лора Оскаровна Киселева,Старший инженер,Отдел закупок
00726,Осипов Ефрем Яковлевич,Дизайнер,Бухгалтерия
00727,Тамара Харитоновна Пахомова,Бухгалтер,Юридический отдел
00728,Третьякова Маргарита Никифоровна,HR-специалист,Финансовый отдел
00729,Харитон Юлианович Алексеев,Аналитик,IT-отдел
00730,Аким Харлампьевич Орлов,Системный администратор,Финансовый отдел
00731,Борислав Валентинович Никонов,Аналитик,Отдел кадров
00732,Вероника Макаровна Никифорова,Курьер,Отдел аналитики
00733,Елисей Харлампьевич Шестаков,Аналитик,Отдел маркетинга
00734,Порфирий Филимонович Филиппов,Заместитель директора,Логистика
00735,Соловьев Викентий Адамович,Менеджер,Служба поддержки
00736,Валентина Викторовна Тетерина,Руководитель отдела,Отдел кадров
00737,Зинаида Семеновна Захарова,Бухгалтер,Отдел маркетинга
00738,Суханова Тамара Олеговна,Специалист,Отдел закупок
00739,Елизавета Ниловна Евдокимова,Экономист,Административный отдел
00740,Кабанов Пимен Тихонович,Логист,Служба поддержки
00741,Горбачев Евстафий Филимонович,Дизайнер,Финансовый отдел
00742,Колесникова Агата Даниловна,Заместитель директора,Отдел продаж
00743,Ситников Арсений Бориславович,Экономист,IT-отдел
00744,Синклитикия Геннадиевна Громова,Дизайнер,Юридический отдел
00745,Ратмир Валентинович Белоусов,Дизайнер,Отдел аналитики
00746,Емельянова Светлана Кузьминична,Маркетолог,Производственный отдел
00747,Костина Марфа Эдуардовна,Менеджер,Производственный отдел
00748,Казаков Ратмир Всеволодович,Специалист,Отдел продаж
00749,Клавдия Юрьевна Капустина,Программист,Служба поддержки
00750,Кузьмин Лонгин Валерианович,Экономист,Отдел маркетинга
00751,Андреев Добромысл Марсович,Юрист,Финансовый отдел
00752,Панфилова Мария Николаевна,Экономист,Отдел разработки
00753,Игнатьева Мария Олеговна,Программист,Отдел разработки
00754,Калашников Тимофей Всеволодович,Секретарь,Производственный отдел
00755,Емельянова Ия Валентиновна,HR-специалист,Административный отдел
00756,Одинцов Радим Антипович,Дизайнер,Отдел аналитики
00757,Агафья Рудольфовна Кузьмина,Заместитель директора,Отдел закупок
00758,Блинов Феликс Юльевич,Руководитель отдела,Финансовый отдел
00759,Исакова Пелагея Николаевна,HR-специалист,Логистика
00760,Зуева Пелагея Викторовна,Логист,Финансовый отдел
00761,Новиков Ефим Ермолаевич,Заместитель директора,Служба поддержки
00762,Цветков Тимофей Ермилович,Системный администратор,Отдел кадров
00763,Рыбаков Феофан Эдгарович,HR-специалист,IT-отдел
00764,Макарова Ульяна Вадимовна,Маркетолог,Отдел продаж
00765,Тихон Иосифович Потапов,Аналитик,Финансовый отдел
00766,Алина Павловна Некрасова,Программист,Финансовый отдел
00767,Родионов Варфоломей Денисович,Аналитик,Административный отдел
00768,Амос Филимонович Белоусов,Экономист,Отдел маркетинга
00769,Боян Феоктистович Князев,Ведущий специалист,Административный отдел
00770,г-жа Никитина Феврония Макаровна,Бухгалтер,Отдел разработки
00771,Эмилия Олеговна Сергеева,Системный администратор,Логистика
00772,Шарова Евфросиния Григорьевна,Ведущий специалист,Финансовый отдел
00773,Татьяна Макаровна Лукина,Заместитель директора,Административный отдел
00774,Тимофей Власович Марков,Старший инженер,Производственный отдел
00775,Кира Кирилловна Дроздова,Бухгалтер,Административный отдел
00776,Софон Богданович Кузьмин,Бухгалтер,Финансовый отдел
00777,Надежда Аркадьевна Егорова,Дизайнер,Юридический отдел
00778,Василиса Владимировна Крылова,Аналитик,Финансовый отдел
00779,Марков Иосиф Тимурович,Секретарь,Отдел закупок
00780,Флорентин Евстигнеевич Исаев,Руководитель отдела,Отдел кадров
00781,Радислав Артемьевич Калашников,Курьер,Отдел разработки
00782,Анна Ниловна Копылова,Программист,IT-отдел
00783,Маргарита Робертовна Селиверстова,Ведущий специалист,Юридический отдел
00784,Фома Ааронович Беспалов,Бухгалтер,Логистика
00785,Анна Робертовна Калашникова,Программист,Отдел закупок
00786,Ефимова Ангелина Тарасовна,Экономист,Отдел аналитики
00787,Пахом Гордеевич Горшков,HR-специалист,Отдел кадров
00788,Кондратий Игоревич Хохлов,Старший инженер,IT-отдел
00789,Воронцова Пелагея Львовна,Программист,IT-отдел
00790,Алла Аскольдовна Комарова,Менеджер,Отдел кадров
00791,Дьячкова Оксана Архиповна,Заместитель директора,Отдел закупок
00792,Гордеев Глеб Феоктистович,Инженер,Логистика
00793,Пахом Германович Пахомов,Аналитик,Логистика
00794,Клавдия Валериевна Уварова,Старший менеджер,Отдел маркетинга
00795,Ирина Богдановна Лапина,Старший менеджер,Отдел разработки
00796,Борис Марсович Харитонов,Заместитель директора,Административный отдел
00797,Глафира Альбертовна Афанасьева,Программист,Логистика
00798,Владимирова Елизавета Олеговна,Инженер,Отдел разработки
00799,Крюкова Антонина Александровна,Дизайнер,Служба поддержки
00800,Воробьев Влас Давидович,Ведущий специалист,Отдел кадров
00801,Зуева Агафья Андреевна,Менеджер,Финансовый отдел
00802,Зыкова Варвара Олеговна,Секретарь,Отдел кадров
00803,Архипова Анжела Евгеньевна,Программист,Отдел кадров
00804,Варфоломей Бориславович Веселов,Дизайнер,Юридический отдел
00805,Ладимир Викентьевич Щербаков,Дизайнер,Отдел продаж
00806,Вера Вениаминовна Виноградова,Маркетолог,Производственный отдел
00807,Кузнецова Эмилия Викторовна,Системный администратор,Служба поддержки
00808,Ермил Вилорович Русаков,Старший инженер,Финансовый отдел
00809,Пров Григорьевич Беляев,Старший менеджер,Административный отдел
00810,Вера Васильевна Сафонова,Аналитик,Бухгалтерия
00811,Шестакова Наталья Кузьминична,Дизайнер,Отдел продаж
00812,Зинаида Игоревна Юдина,Ведущий специалист,IT-отдел
00813,Жданов Эмиль Еремеевич,Специалист,Отдел закупок
00814,Алевтина Кузьминична Ершова,Юрист,Производственный отдел
00815,Панфилова Евдокия Никифоровна,Дизайнер,Производственный отдел
00816,Аполлинарий Демидович Горшков,Специалист,Административный отдел
00817,Иларион Эдуардович Кабанов,Секретарь,Юридический отдел
00818,Лобанова Агафья Михайловна,Старший менеджер,IT-отдел
00819,Василиса Натановна Самойлова,Инженер,Бухгалтерия
00820,Наина Михайловна Некрасова,Инженер,Финансовый отдел
00821,Фадеева Олимпиада Анатольевна,Секретарь,Отдел кадров
00822,Виноградов Агафон Евсеевич,Программист,Финансовый отдел
00823,Стрелков Аристарх Тихонович,Специалист,Юридический отдел
00824,Исаева Прасковья Николаевна,Экономист,Производственный отдел
00825,Олег Архипович Кабанов,Ведущий специалист,Служба поддержки
00826,Горбачева Виктория Игоревна,Заместитель директора,Финансовый отдел
00827,Федоров Сократ Гертрудович,Логист,Логистика
00828,Виктория Тарасовна Большакова,Курьер,Отдел закупок
00829,Артемий Ефстафьевич Игнатов,Курьер,Отдел аналитики
00830,Изяслав Антонович Николаев,Курьер,Отдел аналитики
00831,Кудряшов Виктор Филиппович,Экономист,Отдел кадров
00832,Павлова Ксения Вячеславовна,Руководитель отдела,IT-отдел
00833,Рогов Всеслав Августович,Юрист,Отдел разработки
00834,Селиверстов Милан Ярославович,Маркетолог,Служба поддержки
00835,Иванна Викторовна Давыдова,Маркетолог,Логистика
00836,Гуляев Карп Валерианович,Программист,Административный отдел
00837,Алевтина Леоновна Константинова,Секретарь,Отдел аналитики
00838,Станислав Арсенович Белоусов,Логист,Административный отдел
00839,Игнатьева Анжела Святославовна,Программист,Логистика
00840,Мирослав Антонович Чернов,Секретарь,Логистика
00841,Глафира Максимовна Яковлева,Курьер,Бухгалтерия
00842,Варфоломей Валентинович Данилов,Старший менеджер,Административный отдел
00843,Смирнова Алина Андреевна,Курьер,Отдел разработки
00844,Воронов Михаил Теймуразович,Ведущий специалист,Отдел кадров
00845,Дарья Антоновна Жданова,Бухгалтер,Бухгалтерия
00846,Наина Дмитриевна Маркова,Бухгалтер,Бухгалтерия
00847,Лучезар Егорович Шарапов,Аналитик,Административный отдел
00848,Давыдов Виссарион Юлианович,Специалист,Отдел закупок
00849,Зайцева Дарья Дмитриевна,Старший инженер,Логистика
00850,Алина Ниловна Виноградова,Экономист,Бухгалтерия
00851,Ия Константиновна Большакова,Старший инженер,Отдел закупок
00852,Панов Авксентий Исидорович,Заместитель директора,Отдел аналитики
00853,Воронцов Лазарь Демьянович,Специалист,Отдел продаж
00854,Харлампий Эдгарович Мамонтов,Старший инженер,Отдел закупок
00855,София Ефимовна Алексеева,Менеджер,Отдел продаж
00856,Исаков Аким Даниилович,Логист,Служба поддержки
00857,Калашникова Агафья Леоновна,Маркетолог,Служба поддержки
00858,Прохоров Назар Ефремович,Курьер,Отдел маркетинга
00859,Лобанов Изот Федосеевич,Дизайнер,Служба поддержки
00860,г-н Лыткин Вячеслав Елисеевич,Программист,Отдел аналитики
00861,Русаков Игнатий Фадеевич,Старший менеджер,Отдел продаж
00862,Давыдова Оксана Артемовна,Экономист,Отдел разработки
00863,Селезнева Вера Никифоровна,Программист,Отдел продаж
00864,Ермаков Аркадий Феодосьевич,Программист,Юридический отдел
00865,Титова Жанна Кирилловна,Маркетолог,Бухгалтерия
00866,Лука Тимурович Филатов,Специалист,Служба поддержки
00867,Лидия Кузьминична Савельева,Экономист,Отдел аналитики
00868,Афиноген Германович Кузьмин,Аналитик,Финансовый отдел
00869,Фаина Борисовна Степанова,Секретарь,Отдел маркетинга
00870,Савельев Рубен Жанович,Бухгалтер,Административный отдел
00871,Терентий Ильясович Силин,Логист,Бухгалтерия
00872,Нонна Константиновна Суворова,Ведущий специалист,Отдел продаж
00873,Виссарион Бенедиктович Яковлев,Заместитель директора,Финансовый отдел
00874,Клавдия Юльевна Волкова,Экономист,Отдел закупок
00875,Гордеев Макар Виленович,Инженер,Логистика
00876,Крылов Мир Тихонович,Аналитик,Отдел кадров
00877,Ларионова Клавдия Захаровна,Инженер,Отдел продаж
00878,Дарья Алексеевна Селиверстова,Специалист,Производственный отдел
00879,Радислав Денисович Белов,Старший менеджер,Отдел аналитики
00880,Вышеслав Валерьевич Попов,Старший инженер,Отдел аналитики
00881,Гуляев Ефрем Васильевич,Программист,Производственный отдел
00882,Власов Мокей Архипович,Курьер,Логистика
00883,Осипова Анжела Архиповна,Секретарь,Отдел аналитики
00884,г-жа Лихачева Нинель Владимировна,Программист,Логистика
00885,Сазонов Максимильян Валерьевич,Маркетолог,Отдел продаж
00886,Суворов Антип Власович,Ведущий специалист,Отдел продаж
00887,Нина Никифоровна Чернова,Маркетолог,Отдел закупок
00888,Федосеев Парфен Всеволодович,Программист,Отдел закупок
00889,Дорофей Елизарович Матвеев,Юрист,Юридический отдел
00890,Геннадий Александрович Горбачев,Аналитик,Отдел продаж
00891,Николаева Кира Святославовна,Руководитель отдела,Отдел продаж
00892,Ульян Харлампович Семенов,Заместитель директора,Отдел закупок
00893,Блинов Всеслав Федосеевич,Дизайнер,Административный отдел
00894,Доронин Степан Денисович,Маркетолог,IT-отдел
00895,Брагина София Архиповна,Специалист,Отдел закупок
00896,Людмила Романовна Некрасова,Курьер,IT-отдел
00897,Любовь Феликсовна Овчинникова,Старший менеджер,Отдел продаж
00898,Касьян Гавриилович Козлов,Логист,Отдел закупок
00899,Ефим Аксёнович Самсонов,Системный администратор,Служба поддержки
00900,Ирина Аркадьевна Корнилова,Курьер,Административный отдел
00901,тов. Комиссарова Фаина Евгеньевна,Аналитик,Отдел аналитики
00902,Антонина Ефимовна Прохорова,Менеджер,Юридический отдел
00903,Лукин Аполлон Гурьевич,Специалист,Отдел разработки
00904,Лаврентьева Мария Матвеевна,Экономист,Бухгалтерия
00905,Дарья Вячеславовна Фролова,Секретарь,Отдел маркетинга
00906,Константинова Людмила Эдуардовна,Секретарь,Отдел маркетинга
00907,Филатов Милован Викторович,Менеджер,Отдел закупок
00908,Пономарева Полина Тимофеевна,Аналитик,Бухгалтерия
00909,Селиверст Алексеевич Тарасов,Секретарь,Финансовый отдел
00910,Елисеев Ефим Адамович,Старший менеджер,Финансовый отдел
00911,Смирнова Лора Юрьевна,Старший инженер,Производственный отдел
00912,Титов Матвей Вячеславович,Дизайнер,Отдел закупок
00913,Лидия Аркадьевна Лебедева,Руководитель отдела,IT-отдел
00914,Крюков Вячеслав Брониславович,Маркетолог,Служба поддержки
00915,Майя Анатольевна Давыдова,Аналитик,Отдел кадров
00916,Нестерова Марфа Эдуардовна,Старший инженер,IT-отдел
00917,Антонов Любомир Венедиктович,Секретарь,Отдел разработки
00918,Нина Рудольфовна Кулагина,Логист,Юридический отдел
00919,Феликс Ильясович Цветков,Дизайнер,Отдел маркетинга
00920,Авдеева Дарья Мироновна,Специалист,Отдел кадров
00921,Куприян Валерьянович Борисов,Дизайнер,Юридический отдел
00922,Блохина Ульяна Никифоровна,HR-специалист,Логистика
00923,Татьяна Антоновна Королева,Логист,Производственный отдел
00924,Русакова Эмилия Дмитриевна,Системный администратор,Финансовый отдел
00925,Орлова Полина Вениаминовна,Системный администратор,Административный отдел
00926,Бажен Данилович Коновалов,Ведущий специалист,Финансовый отдел
00927,Глафира Богдановна Бирюкова,Старший инженер,IT-отдел
00928,Кабанова Лора Петровна,Системный администратор,Отдел аналитики
00929,Никитин Ипат Арсеньевич,Логист,Служба поддержки
00930,Велимир Ааронович Васильев,Дизайнер,Служба поддержки
00931,Панкрат Владленович Доронин,Программист,Отдел маркетинга
00932,Наркис Иларионович Некрасов,Юрист,Отдел аналитики
00933,Самуил Давидович Сорокин,Заместитель директора,Служба поддержки
00934,Ананий Ерофеевич Лебедев,Старший менеджер,Отдел аналитики
00935,Василий Артёмович Александров,Маркетолог,Отдел разработки
00936,Мельников Гостомысл Артемьевич,Специалист,Отдел продаж
00937,Самсонова Анна Львовна,Системный администратор,Отдел маркетинга
00938,Горбачева Ольга Алексеевна,Аналитик,Юридический отдел
00939,Григорий Феодосьевич Яковлев,Системный администратор,Юридический отдел
00940,Суханов Елисей Геннадиевич,Ведущий специалист,Юридический отдел
00941,Фадей Евсеевич Нестеров,Юрист,Отдел закупок
00942,Изот Богданович Васильев,Руководитель отдела,Логистика
00943,Ульян Эдгардович Степанов,Менеджер,Отдел продаж
00944,Смирнов Парфен Афанасьевич,Заместитель директора,Отдел аналитики
00945,Ярослав Харлампович Медведев,Маркетолог,Отдел продаж
00946,Ершов Данила Ермолаевич,Логист,Административный отдел
00947,Олимпиада Вадимовна Тимофеева,Старший менеджер,Бухгалтерия
00948,Олимпиада Рудольфовна Самсонова,Бухгалтер,Отдел маркетинга
00949,Тарасова София Натановна,Руководитель отдела,Логистика
00950,Доронин Наум Исидорович,HR-специалист,Служба поддержки
00951,Соловьев Каллистрат Феоктистович,Курьер,Юридический отдел
00952,Зиновий Евстигнеевич Воронцов,Дизайнер,Отдел аналитики
00953,Ситников Валерий Архипович,Маркетолог,Отдел разработки
00954,Константинова София Наумовна,Старший менеджер,Отдел кадров
00955,Феврония Евгеньевна Жданова,Бухгалтер,Производственный отдел
00956,Колесников Станимир Федосеевич,Аналитик,Служба поддержки
00957,Олимпиада Филипповна Бобылева,Заместитель директора,Отдел маркетинга
00958,Петухов Богдан Тихонович,Инженер,Отдел закупок
00959,Александра Сергеевна Дроздова,Программист,Отдел продаж
00960,Ульяна Яковлевна Куликова,Маркетолог,Финансовый отдел
00961,Симонов Прохор Всеволодович,Дизайнер,Финансовый отдел
00962,Глафира Даниловна Константинова,Ведущий специалист,Служба поддержки
00963,Волков Панфил Артурович,Менеджер,Административный отдел
00964,Нина Геннадьевна Бирюкова,Курьер,Производственный отдел
00965,Щукина Фёкла Захаровна,Экономист,Логистика
00966,Артем Афанасьевич Колесников,Старший инженер,IT-отдел
00967,Жданова Лидия Игоревна,Программист,Отдел продаж
00968,Фомичева Агафья Яковлевна,Заместитель директора,Отдел маркетинга
00969,Шарова Наина Вадимовна,Менеджер,Отдел аналитики
00970,Гедеон Бориславович Стрелков,Заместитель директора,IT-отдел
00971,Гуляев Варлаам Ермилович,Логист,Отдел закупок
00972,Любовь Наумовна Белоусова,Специалист,Производственный отдел
00973,Святослав Харламович Петров,Экономист,Отдел аналитики
00974,Маслов Гаврила Трифонович,Ведущий специалист,Отдел продаж
00975,Белозеров Максимильян Данилович,Маркетолог,Бухгалтерия
00976,Мухин Карп Марсович,Ведущий специалист,Служба поддержки
00977,Зыков Лазарь Ефстафьевич,Инженер,Отдел кадров
00978,Селиверст Бориславович Лыткин,Дизайнер,Отдел продаж
00979,Вера Кузьминична Турова,Программист,Финансовый отдел
00980,Носова Лидия Ивановна,Руководитель отдела,Производственный отдел
00981,Елисеева Анна Георгиевна,Аналитик,Бухгалтерия
00982,Орест Чеславович Мишин,Логист,Отдел разработки
00983,Давыдова Анастасия Степановна,Дизайнер,Служба поддержки
00984,Ангелина Константиновна Рогова,Дизайнер,Административный отдел
00985,Кузьмина Светлана Феликсовна,Экономист,Служба поддержки
00986,Григорьев Евстигней Антонович,Маркетолог,Юридический отдел
00987,Ратибор Анисимович Русаков,Заместитель директора,Отдел маркетинга
00988,Евстафий Елизарович Фомин,Инженер,IT-отдел
00989,Прасковья Никифоровна Калашникова,Юрист,Бухгалтерия
00990,Алевтина Егоровна Давыдова,Бухгалтер,Производственный отдел
00991,Прокофий Вячеславович Кондратьев,Курьер,Финансовый отдел
00992,Феврония Тимуровна Шестакова,Руководитель отдела,Производственный отдел
00993,Исидор Бенедиктович Бобров,Инженер,Служба поддержки
00994,Васильев Гремислав Гордеевич,Специалист,Служба поддержки
00995,Елена Григорьевна Федотова,Аналитик,Юридический отдел
00996,Копылова Акулина Андреевна,Логист,Отдел аналитики
00997,Влас Всеволодович Моисеев,Системный администратор,Отдел закупок
00998,Елена Ждановна Кошелева,Руководитель отдела,Отдел кадров
00999,Ксения Игоревна Родионова,Аналитик,Юридический отдел
01000,Любовь Робертовна Максимова,Менеджер,Отдел разработки
01001,Антонов Спиридон Тихонович,Программист,Административный отдел
01002,Иванова Раиса Максимовна,Программист,Бухгалтерия
01003,Кириллова Элеонора Ильинична,Секретарь,Отдел разработки
01004,Велимир Харлампьевич Голубев,Секретарь,Административный отдел
01005,Кирилл Зиновьевич Самойлов,Дизайнер,Административный отдел
01006,Лаврентий Геннадиевич Алексеев,Инженер,Отдел маркетинга
01007,Журавлева Анастасия Эльдаровна,Маркетолог,Отдел закупок
01008,Лучезар Викентьевич Молчанов,Заместитель директора,Административный отдел
01009,Чернов Лавр Дорофеевич,Дизайнер,Отдел кадров
01010,Милица Натановна Зиновьева,HR-специалист,Отдел продаж
01011,Рогов Филимон Геннадиевич,Системный администратор,Отдел маркетинга
01012,Ефрем Харламович Буров,Заместитель директора,Юридический отдел
01013,Людмила Сергеевна Петухова,Заместитель директора,Финансовый отдел
01014,Тамара Геннадиевна Анисимова,Юрист,Служба поддержки
01015,Гусев Исидор Гавриилович,Маркетолог,Отдел маркетинга
01016,Лора Богдановна Полякова,Системный администратор,Отдел кадров
01017,Леон Федосеевич Устинов,Бухгалтер,Производственный отдел
01018,Маргарита Захаровна Логинова,Экономист,Отдел разработки
01019,Викторин Харитонович Зайцев,Секретарь,Производственный отдел
01020,Фаина Харитоновна Фокина,Юрист,Производственный отдел
01021,Воронова Евдокия Сергеевна,Экономист,Юридический отдел
01022,Федосеев Наум Ефимович,Логист,Отдел разработки
01023,Георгий Викентьевич Медведев,Старший менеджер,Отдел кадров
01024,Филарет Фокич Баранов,Системный администратор,Отдел продаж
01025,Дмитрий Артурович Мартынов,Дизайнер,Отдел аналитики
01026,Демьян Жанович Калашников,Юрист,IT-отдел
01027,Савельев Кир Глебович,Юрист,Отдел разработки
01028,Глафира Филипповна Фадеева,Инженер,Логистика
01029,Устинов Бронислав Васильевич,Дизайнер,Логистика
01030,Калашникова Наталья Ниловна,Старший менеджер,Финансовый отдел
01031,Самсон Теймуразович Иванов,Инженер,Отдел кадров
01032,Медведев Мстислав Авдеевич,Руководитель отдела,Отдел закупок
01033,Светлана Георгиевна Соколова,Секретарь,Юридический отдел
01034,Исаева Зинаида Дмитриевна,Системный администратор,Юридический отдел
01035,Коновалова Ксения Владимировна,Ведущий специалист,Бухгалтерия
01036,Овчинников Харитон Ефремович,Маркетолог,Отдел аналитики
01037,Бирюков Аникита Ефимович,Ведущий специалист,Производственный отдел
01038,Оксана Семеновна Кириллова,Руководитель отдела,Отдел аналитики
01039,Кудряшова Вера Львовна,Маркетолог,Юридический отдел
01040,тов. Ефимова Евдокия Викторовна,Менеджер,Отдел маркетинга
01041,Милица Архиповна Данилова,Инженер,Отдел разработки
01042,Титов Еремей Адамович,Логист,Производственный отдел
01043,Романова Варвара Михайловна,Инженер,IT-отдел
01044,Вишнякова Александра Мироновна,Специалист,Отдел разработки
01045,Зоя Тарасовна Ефремова,Дизайнер,Финансовый отдел
01046,Васильев Велимир Адамович,Аналитик,Административный отдел
01047,Андреев Панкратий Феофанович,Системный администратор,Отдел маркетинга
01048,Трофим Димитриевич Мухин,Курьер,Отдел маркетинга
01049,Ершова Агафья Кузьминична,Юрист,IT-отдел
01050,Варлаам Егорович Ефремов,Специалист,Бухгалтерия
01051,Кудрявцева Наина Борисовна,Системный администратор,Юридический отдел
01052,Орехова Варвара Ильинична,Заместитель директора,Административный отдел
01053,Киселев Сергей Герасимович,Юрист,Отдел разработки
01054,Гуляева Иванна Семеновна,Системный администратор,Отдел аналитики
01055,Людмила Наумовна Анисимова,Дизайнер,Бухгалтерия
01056,Хохлов Сергей Глебович,Заместитель директора,Административный отдел
01057,Трофимова Лора Егоровна,Старший менеджер,Юридический отдел
01058,Агафонов Бронислав Брониславович,Курьер,Отдел кадров
01059,Полина Владиславовна Селиверстова,Специалист,Отдел кадров
01060,Панфилов Афиноген Бориславович,Экономист,Отдел маркетинга
01061,Елизавета Робертовна Анисимова,Программист,Отдел маркетинга
01062,Антип Бориславович Авдеев,Экономист,Отдел продаж
01063,Волков Корнил Иосипович,Специалист,IT-отдел
01064,Лариса Олеговна Гришина,Логист,Логистика
01065,Якушев Аникита Августович,Ведущий специалист,Отдел кадров
01066,Глафира Леоновна Ефимова,Ведущий специалист,Отдел разработки
01067,Юлия Ивановна Шашкова,Маркетолог,IT-отдел
01068,Давыдова Лукия Геннадиевна,Старший инженер,Отдел маркетинга
01069,Власов Ратибор Егорович,Программист,Бухгалтерия
01070,Ольга Николаевна Кулагина,Менеджер,Отдел маркетинга
01071,Глафира Вадимовна Титова,Старший менеджер,Бухгалтерия
01072,Семенова Галина Борисовна,Системный администратор,Юридический отдел
01073,Харлампий Харлампьевич Брагин,Старший менеджер,Логистика
01074,Быкова Евгения Юрьевна,Программист,Отдел закупок
01075,Мирон Аксёнович Самойлов,HR-специалист,Отдел закупок
01076,Дьячкова Василиса Романовна,HR-специалист,Отдел закупок
01077,Валерия Наумовна Быкова,Логист,Юридический отдел
01078,Осипов Лонгин Авдеевич,Инженер,Отдел маркетинга
01079,Ларионова Светлана Филипповна,Экономист,Отдел продаж
01080,Цветкова Лукия Семеновна,Руководитель отдела,Отдел маркетинга
01081,Филатова Юлия Болеславовна,Логист,Отдел кадров
01082,Ипат Харлампьевич Коновалов,Секретарь,Отдел закупок
01083,Носкова Мария Владиславовна,Старший инженер,Отдел маркетинга
01084,Тамара Юрьевна Зайцева,Старший инженер,Производственный отдел
01085,Колобов Глеб Юльевич,Старший инженер,Производственный отдел
01086,Полина Викторовна Воробьева,Специалист,Отдел разработки
01087,Лидия Егоровна Суханова,Курьер,Отдел кадров
01088,Алла Сергеевна Цветкова,Юрист,Служба поддержки
01089,Мельникова Милица Егоровна,Курьер,Юридический отдел
01090,Зуев Филипп Филатович,Экономист,Отдел продаж
01091,Чернов Прокофий Жанович,Дизайнер,IT-отдел
01092,Чернов Адам Бориславович,Секретарь,Юридический отдел
01093,Анатолий Ааронович Шарапов,Инженер,Юридический отдел
01094,Елисеев Ян Ефимьевич,Экономист,Отдел разработки
01095,Тамара Григорьевна Лапина,Маркетолог,Отдел маркетинга
01096,Селиверстова Лукия Михайловна,Аналитик,Административный отдел
01097,Елена Робертовна Суханова,Маркетолог,Отдел закупок
01098,Орехова Фёкла Руслановна,Аналитик,Финансовый отдел
01099,Громова Нонна Вадимовна,Менеджер,Производственный отдел
01100,Прохоров Ефрем Ааронович,Маркетолог,Отдел закупок
01101,Кузьма Марсович Филатов,Программист,Бухгалтерия
01102,Самсонов Григорий Эдгарович,Заместитель директора,Отдел аналитики
01103,Терентьев Осип Борисович,Старший инженер,Юридический отдел
01104,Евсей Геннадиевич Ковалев,Специалист,Бухгалтерия
01105,Марфа Даниловна Рыбакова,Маркетолог,Бухгалтерия
01106,Евдокия Львовна Киселева,HR-специалист,IT-отдел
01107,Алина Эдуардовна Ильина,Секретарь,IT-отдел
01108,Нонна Робертовна Прохорова,Программист,IT-отдел
01109,Селезнева Вера Святославовна,Логист,Логистика
01110,Зиновьев Анисим Феликсович,Аналитик,Бухгалтерия
01111,Ольга Степановна Гуляева,Маркетолог,Отдел маркетинга
01112,Дарья Харитоновна Захарова,Программист,Бухгалтерия
01113,Гусева Валентина Натановна,Бухгалтер,Юридический отдел
01114,Кошелева Лидия Сергеевна,Юрист,IT-отдел
01115,Наина Юльевна Фомичева,Дизайнер,Юридический отдел
01116,Крылова Ирина Никифоровна,Ведущий специалист,IT-отдел
01117,Кира Петровна Константинова,Экономист,Логистика
01118,Тихонов Эраст Якубович,Юрист,Отдел разработки
01119,Трофим Жанович Кулаков,Секретарь,Отдел маркетинга
01120,Жданова Екатерина Геннадьевна,HR-специалист,Отдел кадров
01121,Кулаков Корнил Изотович,Секретарь,IT-отдел
01122,Василиса Вячеславовна Овчинникова,Программист,Финансовый отдел
01123,Кабанова Лидия Вадимовна,Программист,Административный отдел
01124,Тамара Романовна Логинова,Менеджер,Отдел аналитики
01125,Харитонова Наина Тарасовна,Юрист,Логистика
01126,Панфил Авдеевич Галкин,Аналитик,Производственный отдел
01127,Щербаков Галактион Антипович,Менеджер,Производственный отдел
01128,Медведева Ираида Валериевна,Секретарь,Финансовый отдел
01129,Зоя Вениаминовна Дьячкова,Старший менеджер,Логистика
01130,Шаров Лавр Гертрудович,Курьер,Отдел маркетинга
01131,Александра Матвеевна Авдеева,Дизайнер,Бухгалтерия
01132,Яков Давидович Кононов,Программист,IT-отдел
01133,Колесникова Жанна Степановна,Экономист,Отдел продаж
01134,Ия Альбертовна Гущина,Курьер,Юридический отдел
01135,Панкратий Жанович Меркушев,HR-специалист,Отдел кадров
01136,Попова Зоя Геннадьевна,Экономист,Служба поддержки
01137,Гуляева Нинель Дмитриевна,Бухгалтер,Производственный отдел
01138,Маргарита Эдуардовна Некрасова,Курьер,Юридический отдел
01139,Лазарева Евдокия Кирилловна,Аналитик,Отдел разработки
01140,Афиноген Гаврилович Силин,Инженер,Служба поддержки
01141,Копылов Виссарион Матвеевич,Ведущий специалист,Отдел кадров
01142,Матвеев Федор Евсеевич,Старший менеджер,Логистика
01143,Логинов Ираклий Абрамович,Программист,Отдел кадров
01144,Герман Анатольевич Степанов,Маркетолог,Юридический отдел
01145,Фёкла Альбертовна Носова,Старший менеджер,Служба поддержки
01146,Эмилия Кузьминична Емельянова,Секретарь,Служба поддержки
01147,Таисия Матвеевна Богданова,HR-специалист,Служба поддержки
01148,Лариса Станиславовна Полякова,Инженер,Отдел аналитики
01149,Регина Афанасьевна Устинова,Специалист,Производственный отдел
01150,Аксенова София Тарасовна,Программист,Бухгалтерия
01151,Милен Гурьевич Доронин,Системный администратор,IT-отдел
01152,Суханов Максимильян Иосипович,Логист,Отдел кадров
01153,Ян Харламович Шилов,Старший инженер,Производственный отдел
01154,Агафья Вадимовна Агафонова,Бухгалтер,Административный отдел
01155,Иларион Демьянович Кондратьев,Инженер,Финансовый отдел
01156,Доронин Любим Тарасович,Заместитель директора,Логистика
01157,Валерия Натановна Сидорова,HR-специалист,Отдел кадров
01158,Боброва Алевтина Семеновна,Руководитель отдела,Бухгалтерия
01159,Маргарита Степановна Брагина,Руководитель отдела,Юридический отдел
01160,Мартынова Алина Кирилловна,Аналитик,Отдел кадров
01161,Евдокия Леонидовна Копылова,Старший инженер,IT-отдел
01162,Белов Гурий Абрамович,Аналитик,Административный отдел
01163,Никитина Екатерина Олеговна,Дизайнер,Административный отдел
01164,Евфросиния Тарасовна Никонова,Программист,Отдел аналитики
01165,Турова Нина Анатольевна,Системный администратор,Логистика
01166,Виктория Алексеевна Рыбакова,Ведущий специалист,Производственный отдел
01167,Петрова Анна Анатольевна,Маркетолог,Отдел разработки
01168,Евсеев Ипатий Артёмович,Специалист,Финансовый отдел
01169,Данилова Иванна Наумовна,Инженер,Отдел кадров
01170,Онуфрий Феликсович Веселов,Экономист,Юридический отдел
01171,Муравьев Викторин Абрамович,Юрист,IT-отдел
01172,Орехова Ангелина Харитоновна,Заместитель директора,Служба поддержки
01173,Якушев Афанасий Ильясович,HR-специалист,Отдел разработки
01174,Валентина Кирилловна Устинова,Специалист,Юридический отдел
01175,Кошелева Анна Ильинична,Юрист,Отдел кадров
01176,Нинель Мироновна Афанасьева,Менеджер,Отдел маркетинга
01177,Алевтина Руслановна Яковлева,Аналитик,Производственный отдел
01178,Кузьмина Марфа Тимофеевна,Заместитель директора,Финансовый отдел
01179,Гаврила Ефимович Ларионов,Ведущий специалист,Производственный отдел
01180,Маргарита Андреевна Жданова,Маркетолог,Отдел закупок
01181,Вероника Васильевна Волкова,HR-специалист,Бухгалтерия
01182,Кириллов Никодим Архипович,Аналитик,Отдел аналитики
01183,Мечислав Гордеевич Тихонов,Секретарь,Отдел разработки
01184,Раиса Вениаминовна Сорокина,Юрист,Отдел закупок
01185,Горбачев Ипполит Георгиевич,HR-специалист,Отдел продаж
01186,Агафонов Ферапонт Антипович,Ведущий специалист,Административный отдел
01187,Таисия Рубеновна Юдина,Экономист,Логистика
01188,Калинина Ангелина Ждановна,Дизайнер,Административный отдел
01189,Владимиров Фома Чеславович,Менеджер,Финансовый отдел
01190,Людмила Владимировна Агафонова,Курьер,Логистика
01191,Комарова Ия Яковлевна,Заместитель директора,Отдел разработки
01192,Григорьев Лукьян Чеславович,Системный администратор,IT-отдел
01193,Яков Ефремович Шубин,Курьер,Служба поддержки
01194,Воронцова Татьяна Михайловна,Экономист,Административный отдел
01195,Наталья Викторовна Иванова,Специалист,Отдел маркетинга
01196,Ефрем Феодосьевич Егоров,Маркетолог,Служба поддержки
01197,Вера Леоновна Шашкова,Программист,Служба поддержки
01198,Прокофий Ильясович Носов,Логист,Отдел разработки
01199,Устин Борисович Захаров,Ведущий специалист,Отдел разработки
01200,Федорова Ирина Валентиновна,Инженер,Юридический отдел
01201,Евпраксия Захаровна Гурьева,Старший менеджер,Отдел аналитики
01202,Анжела Анатольевна Рожкова,Старший менеджер,Логистика
01203,Селезнев Амвросий Трофимович,Программист,Бухгалтерия
01204,Екатерина Антоновна Жданова,Дизайнер,Отдел аналитики
01205,Тимур Харитонович Лапин,Ведущий специалист,IT-отдел
01206,Майя Никифоровна Цветкова,Ведущий специалист,Финансовый отдел
01207,Феврония Кирилловна Кузьмина,Экономист,IT-отдел
01208,Сократ Бенедиктович Афанасьев,Заместитель директора,Отдел аналитики
01209,Автоном Демидович Якушев,Инженер,Бухгалтерия
01210,Эмилия Викторовна Симонова,Юрист,Административный отдел
01211,Третьякова Галина Вячеславовна,Маркетолог,Юридический отдел
01212,Воронцова Вероника Романовна,HR-специалист,Отдел разработки
01213,Алина Дмитриевна Мишина,Заместитель директора,Юридический отдел
01214,Арсений Евсеевич Фомин,Логист,Отдел маркетинга
01215,Агафонов Елисей Ярославович,Секретарь,Логистика
01216,Майя Натановна Воронова,Инженер,Производственный отдел
01217,Алина Аскольдовна Кулагина,Логист,Логистика
01218,Спиридон Елизарович Щукин,Ведущий специалист,Производственный отдел
01219,Савина София Феликсовна,Дизайнер,Юридический отдел
01220,Лапин Наркис Иосифович,Курьер,Отдел закупок
01221,Самсонова Анжела Семеновна,Логист,Отдел закупок
01222,Захар Ярославович Маслов,Аналитик,Служба поддержки
01223,Мечислав Чеславович Вишняков,Старший менеджер,Административный отдел
01224,Эрнест Абрамович Овчинников,HR-специалист,Юридический отдел
01225,Нинель Викторовна Данилова,Бухгалтер,Отдел закупок
01226,Носков Климент Гордеевич,Маркетолог,Отдел продаж
01227,Яковлев Митофан Валерианович,Маркетолог,Отдел разработки
01228,Аксенова Лора Вадимовна,Экономист,Отдел кадров
01229,Самуил Харлампович Никитин,HR-специалист,Административный отдел
01230,Юдина Надежда Архиповна,Ведущий специалист,Отдел разработки
01231,Гусев Филипп Владиславович,HR-специалист,Отдел закупок
01232,Копылов Андрон Виленович,Заместитель директора,Производственный отдел
01233,Осипов Дмитрий Ярославович,HR-специалист,Отдел аналитики
01234,Фёкла Феликсовна Кабанова,Старший менеджер,Отдел маркетинга
01235,Молчанов Кондратий Архипович,Юрист,Отдел маркетинга
01236,Кошелев Савва Харлампьевич,Аналитик,Отдел разработки
01237,Никонов Остап Викторович,Бухгалтер,Финансовый отдел
01238,Евгения Яковлевна Прохорова,Ведущий специалист,Отдел аналитики
01239,Сергеева Лукия Робертовна,Маркетолог,Отдел аналитики
01240,Виноградова Елизавета Мироновна,Специалист,Отдел кадров
01241,Велимир Аверьянович Медведев,Бухгалтер,Бухгалтерия
01242,Бурова Прасковья Николаевна,Курьер,Отдел аналитики
01243,Элеонора Болеславовна Борисова,Менеджер,Производственный отдел
01244,Юрий Алексеевич Шашков,Старший менеджер,Отдел продаж
01245,Прасковья Васильевна Тарасова,Системный администратор,Производственный отдел
01246,Владислав Ааронович Самсонов,Экономист,Отдел аналитики
01247,Нина Семеновна Гаврилова,Инженер,Отдел аналитики
01248,Аникей Федотович Данилов,Секретарь,Отдел аналитики
01249,Ольга Мироновна Шестакова,Бухгалтер,Юридический отдел
01250,Гришина Ульяна Болеславовна,Специалист,Отдел разработки
01251,Ираклий Харлампович Комиссаров,Заместитель директора,Отдел кадров
01252,Гордеев Борис Еремеевич,Бухгалтер,Отдел разработки
01253,Некрасова Надежда Ждановна,Секретарь,Юридический отдел
01254,Рогов Аверьян Валерианович,Бухгалтер,Отдел маркетинга
01255,Мельникова Евфросиния Кузьминична,Экономист,Отдел продаж
01256,Вацлав Витальевич Котов,Системный администратор,Отдел маркетинга
01257,Максимова Иванна Тарасовна,Инженер,IT-отдел
01258,Михей Елизарович Федосеев,Курьер,Финансовый отдел
01259,Елизар Фадеевич Жданов,Менеджер,Отдел закупок
01260,Ольга Вячеславовна Фомина,Аналитик,Административный отдел
01261,Трофимова Зоя Константиновна,Инженер,Отдел закупок
01262,Носова Марфа Валентиновна,Инженер,Отдел закупок
01263,Варвара Евгеньевна Третьякова,Заместитель директора,Производственный отдел
01264,Галина Болеславовна Соболева,Аналитик,Административный отдел
01265,Устинова Лукия Тимуровна,Старший инженер,Производственный отдел
01266,Зимина Алла Валериевна,Ведущий специалист,Финансовый отдел
01267,Аверкий Бенедиктович Бирюков,Менеджер,Логистика
01268,Гущин Эмиль Феодосьевич,Инженер,Отдел кадров
01269,Белоусов Ефрем Исидорович,Менеджер,Юридический отдел
01270,Петров Нестор Трифонович,HR-специалист,Логистика
01271,Галкина Ия Эльдаровна,Экономист,Отдел разработки
01272,Носов Демид Эдгарович,Секретарь,Отдел аналитики
01273,Егор Ярославович Дмитриев,Системный администратор,Производственный отдел
01274,Шаров Эммануил Яковлевич,Менеджер,Административный отдел
01275,Жукова Эмилия Викторовна,Старший инженер,Отдел закупок
01276,Денисова Жанна Александровна,Аналитик,Бухгалтерия
01277,Анна Игоревна Гуляева,Старший менеджер,Отдел кадров
01278,Николай Трофимович Сафонов,Инженер,Отдел продаж
01279,Попов Архип Бенедиктович,Логист,Логистика
01280,Владимирова Тамара Харитоновна,Руководитель отдела,Отдел маркетинга
01281,Кирилл Давидович Кошелев,Ведущий специалист,IT-отдел
01282,Оксана Ниловна Игнатьева,Специалист,Юридический отдел
01283,Захаров Орест Юльевич,Дизайнер,Отдел маркетинга
01284,Богданов Сила Ерофеевич,Маркетолог,Отдел маркетинга
01285,Виктор Якубович Пестов,HR-специалист,Служба поддержки
01286,Тимофей Димитриевич Шубин,Руководитель отдела,Административный отдел
01287,Наркис Харлампьевич Мамонтов,Секретарь,Бухгалтерия
01288,Ширяев Ратмир Фокич,Ведущий специалист,Отдел кадров
01289,Алевтина Романовна Андреева,Маркетолог,IT-отдел
01290,Наум Гурьевич Ларионов,Руководитель отдела,Отдел кадров
01291,Лаврентьева Лариса Наумовна,Экономист,Логистика
01292,Регина Тарасовна Кузнецова,Курьер,Отдел разработки
01293,Белоусова Зинаида Ильинична,Старший менеджер,Финансовый отдел
01294,Муравьев Мефодий Артемьевич,Руководитель отдела,Отдел закупок
01295,Борисова Олимпиада Кузьминична,Программист,Логистика
01296,Филипп Евстигнеевич Королев,Маркетолог,Отдел кадров
01297,Евдокия Святославовна Зиновьева,Менеджер,Логистика
01298,Зиновьев Иларион Евсеевич,Старший менеджер,Отдел маркетинга
01299,Медведев Ипат Ильясович,Дизайнер,Логистика
01300,Киселев Виссарион Артурович,Юрист,Административный отдел
01301,Нестерова Полина Юрьевна,Логист,Административный отдел
01302,Гордеев Тит Анатольевич,Ведущий специалист,Логистика
01303,Маргарита Яковлевна Веселова,Дизайнер,Отдел кадров
01304,тов. Емельянов Добромысл Яковлевич,Маркетолог,Отдел маркетинга
01305,Ефрем Валерьянович Зайцев,Специалист,IT-отдел
01306,Родионова Ольга Тимофеевна,Специалист,Отдел продаж
01307,Коновалов Никодим Всеволодович,Системный администратор,Отдел разработки
01308,Виссарион Ярославович Рыбаков,Курьер,Административный отдел
01309,Авксентий Авдеевич Муравьев,Инженер,Отдел маркетинга
01310,Савин Варлаам Зиновьевич,Специалист,Отдел продаж
01311,Исидор Гаврилович Хохлов,Инженер,Служба поддержки
01312,Карп Харитонович Кондратьев,Аналитик,Отдел кадров
01313,Громова Евгения Святославовна,Курьер,Отдел аналитики
01314,Панкрат Марсович Громов,Секретарь,Отдел маркетинга
01315,Ирина Петровна Королева,Заместитель директора,Отдел аналитики
01316,Игнатьева Елизавета Болеславовна,Системный администратор,Отдел разработки
01317,Брагина Жанна Федоровна,Юрист,Бухгалтерия
01318,Наум Герасимович Куликов,Курьер,Административный отдел
01319,Виктория Руслановна Константинова,Руководитель отдела,Финансовый отдел
01320,Гаврилов Сигизмунд Венедиктович,Программист,Отдел закупок
01321,тов. Устинова Пелагея Кузьминична,Маркетолог,Бухгалтерия
01322,Ферапонт Анисимович Афанасьев,Руководитель отдела,Отдел закупок
01323,Сорокин Аристарх Григорьевич,Курьер,Бухгалтерия
01324,Олимпиада Болеславовна Савельева,Логист,Отдел кадров
01325,Осипова Майя Михайловна,Ведущий специалист,Отдел закупок
01326,Тетерина Зоя Макаровна,Ведущий специалист,Юридический отдел
01327,Ильин Милий Герасимович,Заместитель директора,Логистика
01328,Кулагина Синклитикия Вячеславовна,Бухгалтер,Финансовый отдел
01329,Ия Матвеевна Большакова,Логист,Отдел разработки
01330,Мартынова Нонна Артемовна,Маркетолог,Юридический отдел
01331,Конон Фомич Евдокимов,Экономист,Отдел аналитики
01332,Глафира Львовна Гаврилова,Логист,Бухгалтерия
01333,Дроздова Милица Анатольевна,Системный администратор,Бухгалтерия
01334,Александров Зосима Жанович,Маркетолог,Отдел аналитики
01335,Кузьма Евстигнеевич Елисеев,Юрист,Отдел аналитики
01336,Дорофеева Нинель Михайловна,Логист,Юридический отдел
01337,Регина Петровна Тихонова,Ведущий специалист,Юридический отдел
01338,Красильников Азарий Валерьянович,Системный администратор,Отдел продаж
01339,Нестерова Зоя Артемовна,Логист,Административный отдел
01340,Афанасьев Варфоломей Богданович,Системный администратор,Производственный отдел
01341,Шашков Савватий Антипович,Аналитик,Финансовый отдел
01342,Афанасьев Станислав Архипович,HR-специалист,Логистика
01343,Орехов Герман Архипович,Инженер,Производственный отдел
01344,Доронина Мария Константиновна,Дизайнер,Юридический отдел
01345,Зиновьев Кондратий Феофанович,Специалист,Юридический отдел
01346,Титова Светлана Викторовна,Специалист,Отдел продаж
01347,Нестеров Мир Зиновьевич,Специалист,Административный отдел
01348,Октябрина Тимофеевна Колобова,Специалист,Финансовый отдел
01349,Прокл Венедиктович Лыткин,Логист,Финансовый отдел
01350,София Вячеславовна Капустина,Ведущий специалист,IT-отдел
01351,Евдокимова Татьяна Оскаровна,HR-специалист,Отдел разработки
01352,Кабанова Синклитикия Константиновна,Инженер,Административный отдел
01353,Ольга Тимофеевна Данилова,Заместитель директора,Отдел разработки
01354,Нинель Константиновна Громова,Старший менеджер,Отдел разработки
01355,Герман Ефимьевич Кузнецов,Секретарь,Отдел маркетинга
01356,Авдеев Всемил Изотович,Заместитель директора,Производственный отдел
01357,Творимир Августович Пахомов,Заместитель директора,Отдел маркетинга
01358,Ольга Кузьминична Кузнецова,Системный администратор,Отдел разработки
01359,Кира Эльдаровна Жукова,Ведущий специалист,Служба поддержки
01360,Таисия Максимовна Пономарева,Логист,Отдел закупок
01361,Феликс Феодосьевич Афанасьев,HR-специалист,Бухгалтерия
01362,Никита Матвеевич Поляков,Логист,Отдел кадров
01363,Панфил Демидович Михеев,Старший менеджер,Отдел кадров
01364,Эмилия Ивановна Боброва,Программист,Финансовый отдел
01365,Лукина Ираида Наумовна,Курьер,Логистика
01366,Виноградов Добромысл Венедиктович,Программист,Отдел маркетинга
01367,Ратибор Филимонович Дорофеев,HR-специалист,IT-отдел
01368,Емельянова Евдокия Леонидовна,Ведущий специалист,Отдел аналитики
01369,Васильев Творимир Адамович,Секретарь,Служба поддержки
01370,Орлов Кондрат Евстигнеевич,Руководитель отдела,Логистика
01371,Быков Авксентий Даниилович,Бухгалтер,Отдел закупок
01372,Попов Семен Григорьевич,Инженер,Отдел аналитики
01373,Леонтий Эдуардович Давыдов,Дизайнер,Отдел кадров
01374,Амос Игнатович Федоров,Экономист,Производственный отдел
01375,Вероника Аркадьевна Федотова,Ведущий специалист,Юридический отдел
01376,Анжела Тимофеевна Воронова,HR-специалист,Производственный отдел
01377,Самсонов Ипатий Тарасович,Заместитель директора,Юридический отдел
01378,Варвара Ефимовна Блинова,HR-специалист,Производственный отдел
01379,Нинель Ефимовна Зиновьева,Ведущий специалист,Отдел маркетинга
01380,г-жа Рыбакова Антонина Семеновна,Аналитик,Отдел кадров
01381,Никитина Олимпиада Натановна,Секретарь,Отдел кадров
01382,Никифорова Лидия Валериевна,Экономист,Служба поддержки
01383,Волкова Таисия Семеновна,Логист,Логистика
01384,Трофимов Лаврентий Герасимович,Заместитель директора,Производственный отдел
01385,Антонин Григорьевич Туров,Курьер,Бухгалтерия
01386,Калашников Платон Зиновьевич,Курьер,Служба поддержки
01387,Евсеев Кирилл Валерианович,Заместитель директора,Отдел аналитики
01388,Илья Августович Лыткин,Менеджер,Административный отдел
01389,Шаров Савелий Витальевич,Курьер,Отдел разработки
01390,Бронислав Денисович Яковлев,Аналитик,IT-отдел
01391,тов. Тетерин Ярослав Ануфриевич,Менеджер,Производственный отдел
01392,Юдин Герасим Борисович,Старший инженер,Производственный отдел
01393,Жуков Лукьян Изотович,Аналитик,Отдел маркетинга
01394,Нинель Георгиевна Лебедева,Программист,Отдел аналитики
01395,Ефимова Вера Ждановна,Системный администратор,Бухгалтерия
01396,Пелагея Павловна Шилова,HR-специалист,Отдел кадров
01397,Селиван Геннадиевич Ермаков,Менеджер,Отдел маркетинга
01398,Шестаков Любомир Фролович,Старший инженер,Финансовый отдел
01399,Эммануил Владиславович Виноградов,Инженер,IT-отдел
01400,Савельева Кира Захаровна,Секретарь,Отдел маркетинга
01401,Панова Агата Сергеевна,Юрист,Бухгалтерия
01402,Доброслав Аверьянович Орехов,Специалист,Отдел кадров
01403,Юлия Егоровна Маркова,Инженер,Административный отдел
01404,Прохорова Синклитикия Натановна,Менеджер,Бухгалтерия
01405,Федосеев Сергей Витальевич,Специалист,Отдел закупок
01406,Маркова Надежда Леонидовна,Руководитель отдела,Юридический отдел
01407,Галкин Артем Андреевич,Бухгалтер,Юридический отдел
01408,Василиса Вячеславовна Уварова,Юрист,Производственный отдел
01409,Киселев Святослав Георгиевич,Логист,Бухгалтерия
01410,Дроздов Никанор Эдгардович,Маркетолог,Производственный отдел
01411,Филатова Феврония Ждановна,Системный администратор,Юридический отдел
01412,Поляков Эрнст Артёмович,Старший инженер,Юридический отдел
01413,Русаков Емельян Эдгардович,HR-специалист,Бухгалтерия
01414,Анжелика Рубеновна Брагина,Программист,Логистика
01415,Денисова Тамара Николаевна,Системный администратор,Отдел аналитики
01416,Анастасия Юрьевна Федотова,Секретарь,Отдел закупок
01417,Гурьева Анжела Кузьминична,Курьер,Административный отдел
01418,Рябов Спартак Богданович,Специалист,Отдел аналитики
01419,Жуков Твердислав Теймуразович,Старший менеджер,Бухгалтерия
01420,Назаров Ипат Вячеславович,Инженер,Отдел закупок
01421,Наумова Наина Борисовна,Старший инженер,Бухгалтерия
01422,Ульяна Матвеевна Муравьева,Курьер,Логистика
01423,Парфен Бориславович Сергеев,Старший менеджер,IT-отдел
01424,Таисия Ниловна Селезнева,Специалист,Бухгалтерия
01425,Глеб Феофанович Тетерин,Аналитик,Бухгалтерия
01426,Лука Зиновьевич Сазонов,Маркетолог,Отдел кадров
01427,Петр Захарьевич Кошелев,Логист,Служба поддержки
01428,Некрасов Ермил Матвеевич,Дизайнер,Логистика
01429,Зоя Михайловна Силина,Курьер,Производственный отдел
01430,Никон Ааронович Владимиров,Маркетолог,Отдел продаж
01431,Бобров Эдуард Аверьянович,Логист,Служба поддержки
01432,Белозерова Клавдия Александровна,Аналитик,Отдел кадров
01433,Ефрем Гордеевич Гордеев,Бухгалтер,Отдел продаж
01434,Кирилл Яковлевич Наумов,Руководитель отдела,Логистика
01435,Дроздова Виктория Болеславовна,Ведущий специалист,Бухгалтерия
01436,Ефимов Герман Викентьевич,HR-специалист,Финансовый отдел
01437,Фортунат Денисович Жуков,Логист,Служба поддержки
01438,Ладимир Бенедиктович Дроздов,Ведущий специалист,Юридический отдел
01439,Ерофей Артемьевич Владимиров,Программист,Отдел закупок
01440,Святополк Всеволодович Мартынов,Секретарь,Отдел закупок
01441,Ульяна Болеславовна Кириллова,Дизайнер,Отдел аналитики
01442,Петрова Ульяна Мироновна,Руководитель отдела,Логистика
01443,Павлов Марк Иларионович,Программист,Юридический отдел
01444,Нина Николаевна Тетерина,Старший менеджер,Отдел аналитики
01445,Елизавета Юльевна Гущина,Экономист,Логистика
01446,Гуляев Наум Антипович,Юрист,Юридический отдел
01447,Андроник Жоресович Потапов,Курьер,Административный отдел
01448,Большакова Прасковья Дмитриевна,Старший менеджер,Служба поддержки
01449,Муравьев Никодим Филатович,Менеджер,Логистика
01450,Ульяна Сергеевна Тарасова,Бухгалтер,Логистика
01451,Калинин Никодим Виленович,Программист,Бухгалтерия
01452,Михайлов Савелий Анисимович,Бухгалтер,Отдел маркетинга
01453,Белоусова Анжелика Ниловна,Инженер,Производственный отдел
01454,Носова Василиса Валентиновна,Аналитик,Отдел продаж
01455,Евстафий Чеславович Афанасьев,Программист,Отдел разработки
01456,Лазарева Тамара Юрьевна,Системный администратор,Отдел разработки
01457,г-жа Николаева Анжела Ивановна,Ведущий специалист,Финансовый отдел
01458,Лидия Филипповна Беляева,Менеджер,IT-отдел
01459,Тихонов Панфил Иосифович,Дизайнер,Отдел продаж
01460,Любим Изотович Кириллов,Логист,IT-отдел
01461,Мамонтова Ксения Викторовна,Старший инженер,Финансовый отдел
01462,Эмилия Павловна Ефремова,Инженер,Отдел закупок
01463,Соловьев Игорь Германович,Юрист,IT-отдел
01464,Степанова Анжелика Вадимовна,Заместитель директора,Бухгалтерия
01465,Николаева Юлия Вениаминовна,Экономист,Отдел разработки
01466,Ия Андреевна Александрова,Руководитель отдела,Логистика
01467,Макарова Ксения Петровна,Заместитель директора,Производственный отдел
01468,Максимильян Глебович Гришин,HR-специалист,Административный отдел
01469,Ершова София Семеновна,Специалист,Отдел разработки
01470,Таисия Романовна Ефремова,Юрист,Отдел разработки
01471,Баранова Акулина Мироновна,Старший менеджер,Логистика
01472,Нестерова Светлана Аскольдовна,Логист,Отдел закупок
01473,Аристарх Еремеевич Медведев,Менеджер,Отдел закупок
01474,Юлия Ивановна Зайцева,Маркетолог,Отдел маркетинга
01475,Авксентий Арсеньевич Колесников,Специалист,Производственный отдел
01476,Нестерова Майя Борисовна,Системный администратор,Отдел маркетинга
01477,Беспалов Никандр Даниилович,Секретарь,IT-отдел
01478,Раиса Болеславовна Лихачева,Логист,Отдел разработки
01479,Эдуард Афанасьевич Герасимов,Секретарь,Отдел закупок
01480,Меркушев Ратмир Адамович,Юрист,Служба поддержки
01481,Стрелков Тарас Ефремович,Логист,Отдел кадров
01482,Никодим Владиленович Соколов,Программист,Отдел закупок
01483,Милован Ильич Исаев,Ведущий специалист,Служба поддержки
01484,Сидор Елизарович Корнилов,Юрист,Отдел разработки
01485,Сидоров Никанор Аксёнович,Менеджер,Отдел продаж
01486,Ирина Дмитриевна Алексеева,Системный администратор,Отдел разработки
01487,Никодим Викентьевич Беляев,Старший инженер,Административный отдел
01488,Галкина Эмилия Евгеньевна,Курьер,Логистика
01489,Филипп Витальевич Котов,Маркетолог,Отдел закупок
01490,Элеонора Леоновна Третьякова,HR-специалист,Финансовый отдел
01491,Ершова Вера Харитоновна,Специалист,Юридический отдел
01492,Лаврентьева Евпраксия Валентиновна,Логист,Отдел маркетинга
01493,Станислав Венедиктович Горбунов,Ведущий специалист,Административный отдел
01494,г-жа Лапина Татьяна Валериевна,Экономист,Служба поддержки
01495,Федосий Валерианович Герасимов,Логист,Отдел аналитики
01496,Галактион Аксёнович Фадеев,Секретарь,Отдел разработки
01497,Остромир Фадеевич Антонов,Юрист,Финансовый отдел
01498,Кир Вилорович Гуляев,Руководитель отдела,IT-отдел
01499,Титов Доброслав Адрианович,Специалист,Служба поддержки
01500,Эмилия Юрьевна Федотова,Юрист,Отдел продаж
01501,Костина Елизавета Эльдаровна,Программист,Логистика
01502,Зимин Александр Ильясович,Системный администратор,IT-отдел
01503,Гуляев Самсон Венедиктович,Экономист,Отдел кадров
01504,Елисеева Олимпиада Максимовна,Системный администратор,Служба поддержки
01505,Колесников Селиверст Харламович,Старший инженер,Служба поддержки
01506,Григорьев Зиновий Александрович,Специалист,Отдел маркетинга
01507,Агафон Егорович Селиверстов,Руководитель отдела,Логистика
01508,Егор Гертрудович Голубев,Ведущий специалист,Служба поддержки
01509,Пестов Порфирий Эдгардович,Руководитель отдела,Отдел маркетинга
01510,Князева Оксана Ефимовна,Руководитель отдела,Отдел разработки
01511,Андроник Тарасович Молчанов,Бухгалтер,Отдел разработки
01512,Юлий Алексеевич Галкин,HR-специалист,Финансовый отдел
01513,Панов Андроник Демьянович,HR-специалист,Финансовый отдел
01514,Афанасьева Алина Федоровна,Инженер,Отдел разработки
01515,Антип Геннадиевич Калинин,Экономист,Административный отдел
01516,Лазарь Ермилович Суворов,Ведущий специалист,Производственный отдел
01517,Анисимов Юлий Антипович,Инженер,Административный отдел
01518,Лихачева Вероника Рубеновна,Аналитик,Отдел кадров
01519,Нонна Богдановна Молчанова,Бухгалтер,Служба поддержки
01520,Королева Фаина Тимофеевна,Старший инженер,Административный отдел
01521,Тихонов Любомир Филимонович,Курьер,Производственный отдел
01522,Панов Харлампий Германович,Инженер,Отдел аналитики
01523,Анна Ждановна Маркова,Специалист,Юридический отдел
01524,Бурова Галина Васильевна,Старший инженер,Бухгалтерия
01525,Крюков Радим Иосипович,Дизайнер,Производственный отдел
01526,Рогов Нестор Яковлевич,Маркетолог,Бухгалтерия
01527,Яковлева Марина Тимуровна,Секретарь,Отдел разработки
01528,Данила Игнатьевич Воронцов,Секретарь,Финансовый отдел
01529,Виктория Валериевна Беспалова,Маркетолог,Служба поддержки
01530,Комиссаров Антонин Федосеевич,Секретарь,Финансовый отдел
01531,Прокофий Ермилович Исаев,Курьер,Отдел разработки
01532,Мясников Влас Германович,Системный администратор,Отдел продаж
01533,Фадеев Ипполит Авдеевич,Системный администратор,Производственный отдел
01534,Сигизмунд Абрамович Кошелев,Инженер,Отдел кадров
01535,Жанна Даниловна Сафонова,Маркетолог,Отдел закупок
01536,Панова Надежда Павловна,Специалист,IT-отдел
01537,Моисеев Аверьян Демьянович,Дизайнер,Производственный отдел
01538,Ирина Яковлевна Исаева,Маркетолог,Отдел закупок
01539,Шарапова Евфросиния Альбертовна,Программист,Бухгалтерия
01540,Павлов Милен Алексеевич,Аналитик,Отдел кадров
01541,Морозов Флорентин Ефимович,Секретарь,Административный отдел
01542,Боян Анисимович Киселев,Старший менеджер,IT-отдел
01543,Денис Владиславович Муравьев,HR-специалист,IT-отдел
01544,Чеслав Вячеславович Меркушев,Руководитель отдела,Производственный отдел
01545,Фока Иосипович Тетерин,Специалист,IT-отдел
01546,Комиссаров Ладимир Захарьевич,Программист,Служба поддержки
01547,Натан Арсеньевич Мишин,Маркетолог,Отдел закупок
01548,Ульян Арсенович Калинин,Маркетолог,Отдел аналитики
01549,Виталий Елизарович Суханов,Старший менеджер,Служба поддержки
01550,Назарова Евфросиния Григорьевна,Старший менеджер,Отдел маркетинга
01551,Киселева Ульяна Станиславовна,HR-специалист,Бухгалтерия
01552,Ольга Юльевна Колобова,Программист,Отдел разработки
01553,Ия Олеговна Кошелева,Специалист,Отдел разработки
01554,Иванна Станиславовна Игнатьева,Специалист,Юридический отдел
01555,тов. Гущина Василиса Юрьевна,Курьер,Отдел продаж
01556,Галкина Полина Святославовна,Курьер,IT-отдел
01557,Эмилия Евгеньевна Рогова,Руководитель отдела,Служба поддержки
01558,Евлампий Ааронович Ковалев,Юрист,Отдел аналитики
01559,Исаев Викторин Глебович,Маркетолог,Бухгалтерия
01560,Наина Наумовна Соловьева,Секретарь,Административный отдел
01561,Федот Гордеевич Кузнецов,Заместитель директора,Служба поддержки
01562,Пахомова Ия Ждановна,Старший менеджер,Бухгалтерия
01563,Ксения Кузьминична Селезнева,Маркетолог,Финансовый отдел
01564,Комиссарова Агата Вадимовна,Секретарь,Бухгалтерия
01565,Александрова Марфа Феликсовна,Бухгалтер,Административный отдел
01566,Новикова Дарья Георгиевна,Системный администратор,Отдел кадров
01567,Мартьян Харлампович Фомичев,Курьер,Служба поддержки
01568,Анатолий Венедиктович Трофимов,Дизайнер,Финансовый отдел
01569,Рыбаков Терентий Игнатьевич,Руководитель отдела,Отдел разработки
01570,Остромир Антонович Щукин,Инженер,Служба поддержки
01571,Воронцова Лариса Федоровна,Старший менеджер,Отдел аналитики
01572,Никитина Ульяна Леоновна,Маркетолог,Юридический отдел
01573,Людмила Афанасьевна Лыткина,Ведущий специалист,Логистика
01574,Одинцов Амвросий Игоревич,Системный администратор,Бухгалтерия
01575,Синклитикия Викторовна Дроздова,Специалист,Производственный отдел
01576,Герасимова Фёкла Вадимовна,Руководитель отдела,Отдел аналитики
01577,Ксения Кузьминична Рогова,Старший инженер,IT-отдел
01578,Тихонов Боян Эдуардович,Старший менеджер,Отдел аналитики
01579,Маргарита Петровна Никонова,Экономист,Юридический отдел
01580,Екатерина Станиславовна Антонова,Маркетолог,Юридический отдел
01581,Давыдов Андрей Германович,Маркетолог,Логистика
01582,Нинель Сергеевна Козлова,Руководитель отдела,Отдел маркетинга
01583,Прасковья Владиславовна Пономарева,Руководитель отдела,Отдел аналитики
01584,Святополк Ефстафьевич Носов,Курьер,Отдел разработки
01585,Валерьян Ярославович Ларионов,Старший инженер,Отдел разработки
01586,г-жа Владимирова Александра Робертовна,HR-специалист,Отдел маркетинга
01587,Станимир Валентинович Иванов,HR-специалист,Юридический отдел
01588,Аникей Афанасьевич Миронов,Программист,Отдел закупок
01589,Аникита Бориславович Галкин,Юрист,Административный отдел
01590,Ксения Архиповна Игнатьева,Логист,IT-отдел
01591,Евфросиния Леонидовна Медведева,Системный администратор,Административный отдел
01592,Егоров Твердислав Жоресович,Курьер,Отдел кадров
01593,Варвара Ивановна Алексеева,Старший менеджер,Логистика
01594,Андреев Агафон Якубович,Системный администратор,Логистика
01595,Потапов Милий Жоресович,Специалист,Отдел кадров
01596,Кондратий Демьянович Романов,Системный администратор,Производственный отдел
01597,Костин Мартьян Феофанович,Ведущий специалист,Отдел продаж
01598,Новиков Савва Анисимович,Заместитель директора,Служба поддержки
01599,Зайцев Боян Федотович,Юрист,Отдел разработки
01600,Эдуард Филатович Горбачев,Программист,Служба поддержки
01601,Мариан Герасимович Кулаков,Аналитик,Административный отдел
01602,Синклитикия Артемовна Турова,Курьер,Отдел маркетинга
01603,Октябрина Феликсовна Титова,Инженер,Административный отдел
01604,Брагин Руслан Богданович,Системный администратор,Логистика
01605,Рубен Харитонович Жуков,Специалист,Отдел аналитики
01606,Вероника Юрьевна Осипова,Секретарь,Отдел аналитики
01607,Марфа Геннадиевна Филатова,Инженер,Административный отдел
01608,Лора Леонидовна Панова,HR-специалист,Отдел кадров
01609,Артемий Харламович Макаров,Программист,Служба поддержки
01610,Роман Власович Бобров,Юрист,Отдел маркетинга
01611,Элеонора Филипповна Гусева,Инженер,Отдел разработки
01612,Маслова Валентина Леонидовна,Курьер,Отдел закупок
01613,Богданова Клавдия Тарасовна,Специалист,Юридический отдел
01614,Харлампий Фадеевич Журавлев,Программист,Финансовый отдел
01615,Хохлова Галина Романовна,Заместитель директора,Юридический отдел
01616,Матвей Глебович Авдеев,Юрист,Служба поддержки
01617,Горбунова Нина Феликсовна,Системный администратор,Финансовый отдел
01618,София Егоровна Захарова,Инженер,Логистика
01619,Воробьева Ульяна Рудольфовна,Руководитель отдела,IT-отдел
01620,Кириллов Ростислав Зиновьевич,Специалист,Отдел кадров
01621,Бирюкова Нинель Вячеславовна,Логист,Служба поддержки
01622,Онуфрий Арсеньевич Моисеев,Руководитель отдела,IT-отдел
01623,Авдеев Эдуард Тарасович,HR-специалист,Отдел кадров
01624,Аркадий Бенедиктович Рябов,Менеджер,Отдел закупок
01625,Фаина Александровна Симонова,HR-специалист,Производственный отдел
01626,Алексеев Радислав Ермолаевич,Программист,Бухгалтерия
01627,Флорентин Филатович Лазарев,Старший инженер,Производственный отдел
01628,Шашков Лукьян Ефимович,Бухгалтер,Служба поддержки
01629,Сысоева Клавдия Оскаровна,Системный администратор,Логистика
01630,Фомичева Любовь Богдановна,Дизайнер,Отдел разработки
01631,Костина Раиса Ниловна,Бухгалтер,Отдел кадров
01632,Кира Аркадьевна Фомина,Экономист,Отдел аналитики
01633,Алла Александровна Крюкова,Инженер,Отдел разработки
01634,Ефимова Валерия Ильинична,Инженер,Отдел продаж
01635,Жанна Оскаровна Филатова,Специалист,Отдел продаж
01636,Исаева Лариса Мироновна,Программист,Отдел маркетинга
01637,Платон Гордеевич Нестеров,Ведущий специалист,Отдел аналитики
01638,Кудрявцев Евгений Теймуразович,Руководитель отдела,Отдел разработки
01639,Майя Николаевна Степанова,Заместитель директора,Служба поддержки
01640,Владлен Венедиктович Кузнецов,Руководитель отдела,Логистика
01641,Соколов Гаврила Чеславович,Старший менеджер,Отдел продаж
01642,Турова Вера Артемовна,Системный администратор,Отдел маркетинга
01643,Константинов Павел Филиппович,Курьер,Служба поддержки
01644,Элеонора Олеговна Ефремова,Инженер,Бухгалтерия
01645,Панфилов Парамон Филимонович,Курьер,Логистика
01646,Зиновий Гаврилович Родионов,Юрист,Логистика
01647,Игнатьева Полина Егоровна,Инженер,Отдел продаж
01648,Федотова Надежда Тимофеевна,Старший инженер,Юридический отдел
01649,Морозова Александра Феликсовна,Старший инженер,Финансовый отдел
01650,Модест Брониславович Савин,Курьер,Административный отдел
01651,Богдан Викторович Артемьев,Старший инженер,Бухгалтерия
01652,Гордеева Ирина Рубеновна,Маркетолог,Отдел аналитики
01653,Галкина Эмилия Богдановна,Старший менеджер,IT-отдел
01654,Бажен Ефстафьевич Костин,Логист,Бухгалтерия
01655,Александров Творимир Августович,HR-специалист,Служба поддержки
01656,Соломон Харитонович Дроздов,Экономист,IT-отдел
01657,Гаврилова Людмила Кирилловна,Маркетолог,Отдел маркетинга
01658,Анатолий Ефимьевич Артемьев,Курьер,Отдел аналитики
01659,Иванна Аркадьевна Евдокимова,Программист,Отдел кадров
01660,Давыд Антипович Прохоров,Маркетолог,IT-отдел
01661,г-жа Дмитриева Пелагея Артемовна,Экономист,Отдел маркетинга
01662,Воробьев Клавдий Димитриевич,Заместитель директора,Отдел кадров
01663,Матвеев Кир Дмитриевич,Экономист,Отдел аналитики
01664,Макаров Эрнест Всеволодович,Программист,Отдел аналитики
01665,Виктория Петровна Фомина,Дизайнер,Бухгалтерия
01666,Иванна Егоровна Мартынова,Бухгалтер,Отдел продаж
01667,Лобанов Амос Измаилович,HR-специалист,Юридический отдел
01668,Вероника Эльдаровна Колобова,Секретарь,Отдел аналитики
01669,Полина Наумовна Мамонтова,Маркетолог,IT-отдел
01670,Потап Владленович Никитин,Маркетолог,Административный отдел
01671,Одинцова Любовь Альбертовна,Программист,Административный отдел
01672,Симонова Валерия Альбертовна,Юрист,Отдел разработки
01673,Власов Савелий Ефимьевич,Руководитель отдела,Финансовый отдел
01674,Твердислав Даниилович Щербаков,Руководитель отдела,Юридический отдел
01675,Колесникова Олимпиада Захаровна,Логист,Отдел аналитики
01676,Беспалов Платон Авдеевич,Старший инженер,Отдел маркетинга
01677,Прохор Тарасович Ларионов,Бухгалтер,Административный отдел
01678,Тарас Анатольевич Белов,Курьер,Отдел маркетинга
01679,Людмила Оскаровна Костина,Инженер,Отдел продаж
01680,Ираида Леоновна Дорофеева,Аналитик,Финансовый отдел
01681,Валерьян Дмитриевич Лапин,Старший менеджер,Логистика
01682,Суворова Жанна Эдуардовна,Дизайнер,Отдел маркетинга
01683,Регина Львовна Ларионова,HR-специалист,Бухгалтерия
01684,Королева Лариса Тимуровна,Заместитель директора,Производственный отдел
01685,Кузнецов Артем Авдеевич,Ведущий специалист,Финансовый отдел
01686,Станислав Бориславович Зимин,Руководитель отдела,Отдел закупок
01687,Ефим Еремеевич Максимов,Ведущий специалист,Отдел аналитики
01688,Козлов Якуб Бенедиктович,Программист,Логистика
01689,Кириллов Ерофей Валерьевич,Специалист,Отдел продаж
01690,Ковалева Анна Юльевна,Старший инженер,Отдел продаж
01691,Прохоров Феофан Гаврилович,Аналитик,Административный отдел
01692,Евгения Ждановна Анисимова,Маркетолог,Отдел кадров
01693,Афиноген Филиппович Стрелков,Руководитель отдела,Служба поддержки
01694,тов. Шубина Лидия Ждановна,Инженер,Отдел маркетинга
01695,Богданов Кирилл Ануфриевич,Логист,Служба поддержки
01696,Мариан Ануфриевич Осипов,Специалист,Юридический отдел
01697,Иванна Вячеславовна Быкова,Экономист,Административный отдел
01698,Гущин Евстигней Тимурович,Маркетолог,Бухгалтерия
01699,Емельянов Велимир Викторович,HR-специалист,Логистика
01700,Горбунова Екатерина Юрьевна,Менеджер,Отдел маркетинга
01701,Сысоева Нинель Захаровна,Логист,Финансовый отдел
01702,Богданов Аскольд Димитриевич,Старший менеджер,Юридический отдел
01703,Акулина Святославовна Алексеева,Юрист,Отдел маркетинга
01704,Смирнова Александра Натановна,Руководитель отдела,Административный отдел
01705,Максим Тимурович Игнатьев,HR-специалист,Отдел разработки
01706,Рогов Селиверст Харлампович,Экономист,Отдел маркетинга
01707,Архип Давидович Смирнов,Юрист,Отдел маркетинга
01708,Светозар Валерьевич Ермаков,Специалист,Отдел кадров
01709,Ефимова Лора Кузьминична,HR-специалист,Отдел кадров
01710,Будимир Иосифович Лукин,Экономист,IT-отдел
01711,Лукия Артемовна Одинцова,Менеджер,Бухгалтерия
01712,Корнил Германович Борисов,Системный администратор,Юридический отдел
01713,Меркушева Мария Георгиевна,Ведущий специалист,Отдел разработки
01714,Никита Борисович Евдокимов,Системный администратор,Служба поддержки
01715,Мартынова Анжелика Павловна,Инженер,Отдел разработки
01716,Кудрявцева Александра Георгиевна,Инженер,Служба поддержки
01717,Капустин Изяслав Эдгардович,Старший менеджер,Бухгалтерия
01718,Тимур Ефремович Чернов,Программист,Отдел аналитики
01719,Щукина Нонна Архиповна,Дизайнер,Отдел аналитики
01720,Павлов Мартын Анатольевич,Инженер,Бухгалтерия
01721,Еремей Фокич Субботин,Дизайнер,Отдел маркетинга
01722,Уварова Синклитикия Владиславовна,Маркетолог,Отдел закупок
01723,Жукова Анжела Антоновна,Курьер,Производственный отдел
01724,Емельянова Акулина Руслановна,Менеджер,Отдел продаж
01725,Юлия Аскольдовна Николаева,Специалист,Производственный отдел
01726,Титова Агафья Вячеславовна,Менеджер,Отдел аналитики
01727,Лихачева Ксения Болеславовна,Аналитик,Бухгалтерия
01728,Данила Арсенович Зыков,Бухгалтер,Логистика
01729,Валерия Святославовна Кириллова,Инженер,Отдел кадров
01730,Елена Афанасьевна Брагина,Заместитель директора,Административный отдел
01731,Ширяев Олег Зиновьевич,Курьер,Финансовый отдел
01732,Зимин Фирс Викентьевич,Руководитель отдела,Отдел аналитики
01733,Ермил Андреевич Капустин,Логист,Административный отдел
01734,Голубев Виссарион Елизарович,Ведущий специалист,Бухгалтерия
01735,Аксенов Давыд Исидорович,Программист,Юридический отдел
01736,Быкова Зинаида Харитоновна,Экономист,Производственный отдел
01737,Комаров Юлий Матвеевич,Программист,Отдел аналитики
01738,Акулина Рудольфовна Федорова,Ведущий специалист,Логистика
01739,Борисов Бронислав Еремеевич,Старший менеджер,Служба поддержки
01740,Савелий Валерьянович Ершов,Экономист,Финансовый отдел
01741,Дорофеев Станимир Филимонович,Логист,Отдел маркетинга
01742,Демид Алексеевич Кириллов,Курьер,Отдел маркетинга
01743,Чернов Юлий Афанасьевич,Маркетолог,Бухгалтерия
01744,Шарова Клавдия Макаровна,Специалист,Отдел разработки
01745,Федосий Данилович Григорьев,Ведущий специалист,Отдел маркетинга
01746,Лобанов Валентин Иосипович,Дизайнер,Производственный отдел
01747,София Сергеевна Полякова,Курьер,Административный отдел
01748,Ярослав Глебович Егоров,Заместитель директора,Юридический отдел
01749,Макаров Геннадий Харламович,Менеджер,Отдел кадров
01750,г-н Агафонов Аникей Антипович,Руководитель отдела,Юридический отдел
01751,Боброва Евфросиния Оскаровна,Секретарь,Отдел кадров
01752,Яков Филиппович Соловьев,Экономист,Отдел разработки
01753,Зайцев Тимофей Вячеславович,Инженер,Бухгалтерия
01754,Новиков Святослав Якубович,Программист,Финансовый отдел
01755,Самсонов Измаил Феофанович,Логист,IT-отдел
01756,Большакова Наина Геннадьевна,Менеджер,Отдел аналитики
01757,Лидия Евгеньевна Гуляева,Курьер,Отдел маркетинга
01758,Данилов Валерьян Данилович,HR-специалист,Финансовый отдел
01759,Беспалова Евпраксия Мироновна,Экономист,Отдел закупок
01760,Анжела Руслановна Логинова,Секретарь,Производственный отдел
01761,Поликарп Виленович Рябов,Логист,Производственный отдел
01762,Оксана Вячеславовна Колесникова,Старший инженер,Административный отдел
01763,Ратмир Георгиевич Евдокимов,Специалист,Производственный отдел
01764,Касьян Германович Миронов,Руководитель отдела,IT-отдел
01765,Шубин Филарет Ануфриевич,HR-специалист,Отдел разработки
01766,Венедикт Фролович Рыбаков,Специалист,Административный отдел
01767,Мефодий Гурьевич Доронин,Руководитель отдела,Отдел продаж
01768,Глеб Власович Игнатьев,Заместитель директора,Служба поддержки
01769,Елизавета Богдановна Тихонова,Руководитель отдела,Служба поддержки
01770,Пелагея Даниловна Капустина,Руководитель отдела,Отдел аналитики
01771,Роман Елисеевич Попов,Заместитель директора,IT-отдел
01772,Зиновьева Зинаида Ефимовна,Менеджер,Финансовый отдел
01773,Фока Гурьевич Рожков,Юрист,Отдел закупок
01774,Виктория Филипповна Самсонова,Дизайнер,Производственный отдел
01775,Соловьев Андрон Харитонович,Старший менеджер,Отдел закупок
01776,Селезнева Александра Олеговна,Юрист,Финансовый отдел
01777,Архипова Антонина Петровна,HR-специалист,Административный отдел
01778,г-н Наумов Агап Устинович,Аналитик,Юридический отдел
01779,Василиса Матвеевна Анисимова,Менеджер,IT-отдел
01780,Тарасов Аггей Харлампович,HR-специалист,Отдел аналитики
01781,Сорокина Оксана Филипповна,Специалист,Отдел продаж
01782,Алевтина Робертовна Суворова,HR-специалист,Отдел разработки
01783,Милица Геннадиевна Вишнякова,Экономист,Отдел разработки
01784,Октябрина Александровна Самойлова,Ведущий специалист,Финансовый отдел
01785,Блинова Лора Станиславовна,Секретарь,Логистика
01786,Котов Касьян Глебович,Системный администратор,Юридический отдел
01787,Анжелика Яковлевна Бобылева,Инженер,Отдел маркетинга
01788,Аполлон Якубович Блохин,Старший менеджер,Финансовый отдел
01789,Майя Альбертовна Макарова,HR-специалист,Логистика
01790,Рубен Анатольевич Громов,Заместитель директора,Отдел аналитики
01791,Федот Арсеньевич Шилов,Системный администратор,Производственный отдел
01792,Ершова Вера Леоновна,Старший инженер,Отдел маркетинга
01793,Андреев Самсон Глебович,Маркетолог,Отдел закупок
01794,Елена Леонидовна Казакова,Дизайнер,Отдел продаж
01795,Прасковья Олеговна Егорова,Старший инженер,Отдел кадров
01796,Давыдов Мечислав Филимонович,Инженер,Отдел кадров
01797,Степан Валерьевич Воронов,Специалист,Бухгалтерия
01798,Ларионова Синклитикия Кирилловна,Маркетолог,Юридический отдел
01799,Модест Арсенович Пономарев,Старший менеджер,Служба поддержки
01800,Оксана Богдановна Федорова,Программист,Служба поддержки
01801,Денис Ермилович Кондратьев,Бухгалтер,Производственный отдел
01802,Валентина Викторовна Егорова,Старший менеджер,Юридический отдел
01803,Куликов Сергей Вилорович,Бухгалтер,Отдел кадров
01804,Регина Архиповна Анисимова,Старший менеджер,Отдел закупок
01805,Тит Васильевич Мухин,Системный администратор,Отдел аналитики
01806,Прокл Адамович Калинин,Программист,Бухгалтерия
01807,Лебедев Игнатий Игнатьевич,Руководитель отдела,Отдел разработки
01808,Мефодий Зиновьевич Мартынов,Юрист,Логистика
01809,Игнатова Светлана Тимуровна,Заместитель директора,Отдел разработки
01810,Лазарь Васильевич Самсонов,Дизайнер,Отдел маркетинга
01811,Глафира Захаровна Данилова,Аналитик,Отдел продаж
01812,Константин Анисимович Куликов,Старший менеджер,Производственный отдел
01813,Ратибор Владленович Орехов,Бухгалтер,Отдел маркетинга
01814,Синклитикия Ильинична Королева,Программист,Отдел продаж
01815,Виктория Валериевна Фролова,HR-специалист,IT-отдел
01816,Филиппов Фирс Валерьянович,Старший менеджер,Финансовый отдел
01817,Моисей Гаврилович Ершов,Системный администратор,Отдел продаж
01818,Морозова Лариса Макаровна,Аналитик,Отдел продаж
01819,Третьяков Тимур Владиславович,Ведущий специалист,Отдел разработки
01820,Ильина Алевтина Ниловна,HR-специалист,Юридический отдел
01821,Вероника Робертовна Гущина,Логист,Отдел закупок
01822,Аверкий Юльевич Суханов,Юрист,IT-отдел
01823,Анисимова Олимпиада Кирилловна,Маркетолог,Отдел аналитики
01824,Ульяна Вениаминовна Лаврентьева,Юрист,Административный отдел
01825,Бурова Нинель Львовна,Системный администратор,Отдел закупок
01826,Гурьева Ольга Аскольдовна,Старший инженер,Отдел разработки
01827,Жданов Виктор Ефремович,Дизайнер,Юридический отдел
01828,Орехов Ефим Филатович,Дизайнер,Юридический отдел
01829,Макар Антонович Кошелев,HR-специалист,Административный отдел
01830,Логинова Светлана Дмитриевна,Руководитель отдела,Юридический отдел
01831,Ирина Геннадьевна Лебедева,Аналитик,Отдел маркетинга
01832,Якушев Прокофий Афанасьевич,Специалист,Отдел аналитики
01833,Марфа Георгиевна Емельянова,Логист,Отдел закупок
01834,Эрнест Яковлевич Фокин,Специалист,Отдел закупок
01835,Харитонов Мирослав Тихонович,Логист,Производственный отдел
01836,Красильников Парфен Исидорович,Курьер,Бухгалтерия
01837,Агап Еремеевич Коновалов,Старший инженер,IT-отдел
01838,Прокофий Афанасьевич Рябов,Заместитель директора,Отдел маркетинга
01839,Зуева Наина Павловна,Программист,IT-отдел
01840,Парамон Фёдорович Кудрявцев,Системный администратор,Отдел маркетинга
01841,Фёкла Богдановна Баранова,Ведущий специалист,Отдел закупок
01842,Мухин Станислав Игнатьевич,Специалист,Финансовый отдел
01843,Кондратьев Харлампий Матвеевич,Системный администратор,Отдел разработки
01844,Исаков Ким Фёдорович,Программист,Бухгалтерия
01845,Суворов Ферапонт Викентьевич,Программист,Отдел закупок
01846,Щукин Наум Ермолаевич,Маркетолог,Отдел кадров
01847,Волкова Клавдия Харитоновна,Курьер,Юридический отдел
01848,Федот Фомич Цветков,Логист,Производственный отдел
01849,Смирнов Герасим Евсеевич,Старший инженер,Отдел аналитики
01850,Савва Валерьевич Лапин,Маркетолог,Отдел разработки
01851,Дмитриева Наина Вячеславовна,HR-специалист,Служба поддержки
01852,г-н Новиков Виссарион Елизарович,Маркетолог,Отдел аналитики
01853,г-н Моисеев Митофан Харлампьевич,Старший менеджер,Отдел аналитики
01854,Беспалова Иванна Руслановна,HR-специалист,Отдел аналитики
01855,Варвара Максимовна Копылова,Курьер,Отдел маркетинга
01856,Соколова Иванна Валериевна,Логист,IT-отдел
01857,Куликова Лариса Рубеновна,Аналитик,Административный отдел
01858,Вера Матвеевна Сорокина,Старший менеджер,Юридический отдел
01859,Денисов Панкрат Ильясович,Специалист,Административный отдел
01860,Калинин Тарас Артемьевич,Юрист,Служба поддержки
01861,Комиссарова Евгения Болеславовна,HR-специалист,Финансовый отдел
01862,Сергеева София Леонидовна,Руководитель отдела,Отдел продаж
01863,Клавдия Ивановна Зимина,Старший инженер,Финансовый отдел
01864,Денисова Антонина Тарасовна,Менеджер,Отдел маркетинга
01865,Бирюкова Вероника Андреевна,Инженер,Юридический отдел
01866,Бобров Мокей Чеславович,Курьер,Отдел маркетинга
01867,Гремислав Бориславович Рябов,Маркетолог,Логистика
01868,Поляков Евгений Валентинович,Старший менеджер,Производственный отдел
01869,Бажен Валентинович Зыков,Инженер,Производственный отдел
01870,Соколов Самуил Иларионович,Специалист,Отдел продаж
01871,Митофан Викентьевич Зыков,Экономист,IT-отдел
01872,Эдуард Измаилович Захаров,HR-специалист,Отдел аналитики
01873,Новикова Варвара Дмитриевна,HR-специалист,Административный отдел
01874,Шубин Вячеслав Давыдович,Юрист,Отдел аналитики
01875,Епифан Васильевич Федоров,Секретарь,Административный отдел
01876,Вениамин Артемьевич Соколов,Старший менеджер,Бухгалтерия
01877,Нина Аскольдовна Лазарева,Курьер,Отдел маркетинга
01878,Евсеев Соломон Ануфриевич,Инженер,Отдел продаж
01879,Ипполит Андреевич Голубев,Маркетолог,Административный отдел
01880,Автоном Богданович Шаров,HR-специалист,Бухгалтерия
01881,Елисеев Елисей Германович,HR-специалист,Административный отдел
01882,Шестаков Алексей Бенедиктович,Маркетолог,Отдел продаж
01883,Дементьев Клавдий Иларионович,Специалист,Бухгалтерия
01884,Сидор Демидович Селезнев,Секретарь,Логистика
01885,Комарова Фаина Андреевна,Инженер,Отдел кадров
01886,Терентьева Евдокия Ильинична,Руководитель отдела,Отдел закупок
01887,Симонов Тимофей Абрамович,HR-специалист,Отдел закупок
01888,Антонина Даниловна Русакова,Юрист,Отдел разработки
01889,Рогова Олимпиада Михайловна,Системный администратор,Служба поддержки
01890,Герасимова Нинель Борисовна,Аналитик,Административный отдел
01891,Казаков Натан Федосьевич,Экономист,IT-отдел
01892,Данилов Орест Брониславович,Ведущий специалист,Бухгалтерия
01893,Лариса Васильевна Абрамова,Менеджер,Отдел кадров
01894,Кузьмин Серафим Иосипович,Старший инженер,Бухгалтерия
01895,Наумова Алина Артемовна,Дизайнер,Административный отдел
01896,Виктор Теймуразович Бобров,Руководитель отдела,Отдел разработки
01897,Леонтий Феофанович Цветков,Юрист,Служба поддержки
01898,Калинина Наталья Георгиевна,Заместитель директора,IT-отдел
01899,Олимпиада Максимовна Борисова,Ведущий специалист,Административный отдел
01900,Муравьев Селиверст Бориславович,Аналитик,Отдел маркетинга
01901,Станимир Архипович Ковалев,Аналитик,Отдел разработки
01902,Власов Харлампий Бориславович,Маркетолог,Отдел продаж
01903,Рожкова Глафира Афанасьевна,Бухгалтер,Отдел кадров
01904,Евстафий Игоревич Медведев,Курьер,Отдел разработки
01905,Маслова Варвара Евгеньевна,Программист,Юридический отдел
01906,Полина Игоревна Фадеева,Дизайнер,IT-отдел
01907,Савина Феврония Ивановна,Бухгалтер,Отдел закупок
01908,Милица Матвеевна Мухина,Ведущий специалист,Отдел маркетинга
01909,Селиверстова Милица Рудольфовна,Инженер,IT-отдел
01910,Куликова Оксана Борисовна,Специалист,Административный отдел
01911,Емельянов Сергей Даниилович,Маркетолог,Производственный отдел
01912,Кузьмина Алевтина Болеславовна,Старший инженер,Отдел аналитики
01913,Никонова Ангелина Святославовна,Маркетолог,Отдел маркетинга
01914,Лыткина Дарья Мироновна,Специалист,Логистика
01915,Большакова Виктория Кузьминична,Системный администратор,Логистика
01916,Белова Анжела Семеновна,HR-специалист,Отдел закупок
01917,Октябрина Геннадьевна Анисимова,Специалист,Отдел кадров
01918,Емельянова Прасковья Захаровна,Заместитель директора,Отдел продаж
01919,Корнилова София Тимофеевна,Заместитель директора,Логистика
01920,Фадеев Амос Феликсович,Программист,Служба поддержки
01921,Варвара Натановна Савельева,Программист,Производственный отдел
01922,Назар Феофанович Рыбаков,Старший инженер,Бухгалтерия
01923,Борисов Федосий Ефимьевич,Старший инженер,Отдел кадров
01924,Глафира Рудольфовна Горбунова,HR-специалист,Бухгалтерия
01925,Терентьев Никита Чеславович,Руководитель отдела,IT-отдел
01926,Татьяна Рудольфовна Прохорова,Экономист,Отдел разработки
01927,Потапова Ульяна Руслановна,Ведущий специалист,Отдел маркетинга
01928,Глеб Юльевич Павлов,Бухгалтер,Производственный отдел
01929,Серафим Матвеевич Горбачев,Инженер,Отдел аналитики
01930,Комиссарова Ия Леонидовна,Экономист,Административный отдел
01931,Капустин Аникита Валерьянович,Дизайнер,Отдел маркетинга
01932,Любовь Харитоновна Козлова,Менеджер,Финансовый отдел
01933,Лукия Мироновна Белова,HR-специалист,Административный отдел
01934,Мир Фадеевич Шестаков,Заместитель директора,Отдел закупок
01935,Николаев Иосиф Данилович,Секретарь,Отдел продаж
01936,Капустина Анжелика Афанасьевна,HR-специалист,Отдел продаж
01937,Валерия Львовна Романова,Маркетолог,Служба поддержки
01938,Большаков Андрей Фокич,Заместитель директора,Служба поддержки
01939,Родионова Татьяна Степановна,Инженер,Отдел продаж
01940,Ираида Архиповна Игнатова,Курьер,Финансовый отдел
01941,Азарий Жоресович Мельников,Специалист,Отдел продаж
01942,Маркова Ульяна Болеславовна,Специалист,Логистика
01943,Антонина Григорьевна Ширяева,Программист,Отдел кадров
01944,тов. Сергеев Юрий Ефимович,Юрист,Юридический отдел
01945,Поликарп Германович Чернов,Дизайнер,Бухгалтерия
01946,Турова Анжела Тарасовна,Руководитель отдела,Бухгалтерия
01947,Белоусов Анисим Ефимович,Логист,Служба поддержки
01948,тов. Брагина Елена Яковлевна,Логист,Отдел продаж
01949,Тарасова Фаина Болеславовна,Секретарь,Отдел закупок
01950,Дорофеева Ангелина Феликсовна,Специалист,Отдел разработки
01951,Олимпиада Олеговна Никитина,Инженер,Административный отдел
01952,Бажен Ефимьевич Селезнев,Системный администратор,Административный отдел
01953,Нина Тимофеевна Веселова,Специалист,Отдел аналитики
01954,Власов Ипатий Якубович,Маркетолог,Юридический отдел
01955,Трофим Гавриилович Бобылев,Маркетолог,Финансовый отдел
01956,Крюков Софрон Гаврилович,Руководитель отдела,Отдел кадров
01957,Соболева Октябрина Ивановна,HR-специалист,Финансовый отдел
01958,Синклитикия Юрьевна Красильникова,Инженер,Юридический отдел
01959,Нина Феликсовна Артемьева,Заместитель директора,Административный отдел
01960,Галкина Евпраксия Михайловна,Секретарь,Отдел кадров
01961,Иларион Вилорович Дементьев,Старший инженер,IT-отдел
01962,Петухова Нина Наумовна,Инженер,Служба поддержки
01963,Арсений Гертрудович Сазонов,Логист,Отдел маркетинга
01964,Конон Владиславович Сидоров,Руководитель отдела,Производственный отдел
01965,Фролова Милица Егоровна,Старший менеджер,Отдел кадров
01966,Григорьев Алексей Демьянович,Ведущий специалист,Отдел маркетинга
01967,Ксения Рубеновна Мартынова,Руководитель отдела,Отдел закупок
01968,Кудряшова Наталья Антоновна,Инженер,Отдел аналитики
01969,Дорофеев Всемил Аксёнович,Программист,Отдел продаж
01970,Клавдий Вячеславович Носков,Старший инженер,Бухгалтерия
01971,Пелагея Архиповна Павлова,Старший инженер,Финансовый отдел
01972,Анжелика Кузьминична Елисеева,Системный администратор,Отдел разработки
01973,Арсений Устинович Самсонов,Экономист,Отдел закупок
01974,Будимир Тихонович Фокин,HR-специалист,Отдел продаж
01975,Вера Егоровна Макарова,Руководитель отдела,Юридический отдел
01976,Овчинникова Варвара Семеновна,Программист,Отдел маркетинга
01977,Савина Светлана Ждановна,Специалист,Логистика
01978,г-н Фролов Эмиль Валерьевич,Аналитик,Служба поддержки
01979,Лариса Леоновна Щукина,Бухгалтер,IT-отдел
01980,Колесникова Жанна Олеговна,Заместитель директора,Отдел разработки
01981,Киселев Демид Гордеевич,Аналитик,Служба поддержки
01982,Нинель Наумовна Сидорова,Инженер,IT-отдел
01983,Анастасия Рудольфовна Лукина,Программист,Отдел кадров
01984,Вениамин Жоресович Некрасов,Курьер,Отдел маркетинга
01985,Иосиф Елисеевич Бобылев,Заместитель директора,Отдел закупок
01986,Вероника Михайловна Мухина,Специалист,Логистика
01987,Бирюкова Ксения Архиповна,Руководитель отдела,Отдел продаж
01988,Лихачева Элеонора Антоновна,Старший инженер,Отдел кадров
01989,Алла Егоровна Максимова,Секретарь,Финансовый отдел
01990,Никифорова Майя Васильевна,Секретарь,IT-отдел
01991,Фролова Нинель Натановна,Инженер,Производственный отдел
01992,Кондратьев Никодим Дмитриевич,Старший инженер,Отдел разработки
01993,Измаил Ефимович Никитин,Курьер,IT-отдел
01994,Галина Павловна Евдокимова,Курьер,Административный отдел
01995,Орест Александрович Егоров,Системный администратор,Производственный отдел
01996,Пелагея Руслановна Зиновьева,Секретарь,Финансовый отдел
01997,Мариан Федосьевич Шашков,Старший менеджер,Логистика
01998,Антонина Валериевна Игнатова,Менеджер,Отдел кадров
01999,Артемий Ильич Гаврилов,Специалист,Производственный отдел
02000,Авдеева Таисия Леонидовна,Старший менеджер,Логистика
